ID,gender,age,hypertension,heart_disease,ever_married,work_type,Residence_type,avg_glucose_level,bmi,smoking_status,label
46048,Male,60.0,0,0,Yes,Govt_job,Rural,203.27,29.7,never smoked,0
68853,Female,70.0,0,0,Yes,Private,Rural,149.8,47.6,Unknown,0
53883,Female,71.0,0,0,Yes,Self-employed,Rural,202.86,29.053517067472285,smokes,0
72467,Male,79.55869621,0,0,Yes,Private,Urban,3689259498.0,30.62858662,formerly smoked,1
72214,Male,61.0,0,0,Yes,Self-employed,Urban,69.15,27.7,formerly smoked,0
68614,Female,48.0,0,0,Yes,Private,Rural,216.7,38.7,formerly smoked,0
10696,Female,52.0,0,0,Yes,Private,Urban,81.32,27.6,formerly smoked,0
25149,Female,3.0,0,0,No,children,Rural,79.76,15.6,Unknown,0
40998,Female,81.0,0,0,Yes,Self-employed,Rural,58.01,27.8,never smoked,0
46218,Female,51.0,0,0,Yes,Self-employed,Urban,111.15,34.1,smokes,0
70874,Male,71.0,1,0,Yes,Govt_job,Urban,153.08,21.5,Unknown,0
27796,Female,66.0,0,0,Yes,Private,Urban,102.07,16.7,smokes,0
49775,Male,40.0,0,0,Yes,Private,Rural,75.4,28.7,Unknown,0
6233,Male,70.0,1,0,Yes,Self-employed,Rural,118.81,26.0,smokes,0
52809,Female,66.74659399,0,0,Yes,Self-employed,Urban,7361379309.0,21.89295369,never smoked,1
49506,Female,73.67981618,1,0,Yes,Private,Rural,3453597390.0,28.77019231,never smoked,1
8145,Male,30.0,0,0,No,Private,Urban,86.21,28.8,smokes,0
70857,Female,55.0,0,0,Yes,Govt_job,Urban,198.36,29.1,smokes,0
62203,Female,78.80472137,0,0,Yes,Private,Rural,3450912980.0,21.37924217,never smoked,1
58168,Female,77.88484986,0,0,Yes,Self-employed,Urban,6792510094.0,34.72719484,formerly smoked,1
38316,Male,55.0,0,0,Yes,Private,Rural,118.69,26.4,Unknown,0
44886,Male,69.0,1,0,Yes,Self-employed,Rural,236.79,35.7,formerly smoked,0
28023,Male,76.55515156,0,0,Yes,Private,Urban,8813103033.0,30.44366079,smokes,1
64778,Male,82.0,0,1,Yes,Private,Rural,208.3,32.5,Unknown,0
621,Male,69.0,0,0,Yes,Private,Rural,101.52,26.8,smokes,0
55545,Female,66.0,0,0,Yes,Self-employed,Rural,74.88,32.6,never smoked,0
69668,Female,33.0,0,0,Yes,Self-employed,Rural,112.94,43.0,never smoked,0
61365,Male,45.0,0,0,Yes,Private,Rural,58.25,24.0,smokes,0
50843,Male,20.0,0,0,No,Private,Rural,100.33,27.8,Unknown,0
27583,Male,49.0,0,0,Yes,Private,Rural,88.13,32.8,never smoked,0
62936,Male,46.0,0,0,Yes,Private,Urban,103.62,40.9,Unknown,0
62576,Female,56.0,0,0,Yes,Private,Urban,66.32,23.4,never smoked,0
54540,Male,46.0,0,0,Yes,Private,Rural,138.07,24.3,never smoked,0
13755,Male,5.0,0,0,No,children,Rural,99.07,20.5,Unknown,0
67,Female,17.0,0,0,No,Private,Urban,92.97,29.053517067472285,formerly smoked,0
31244,Male,77.0,0,0,Yes,Self-employed,Rural,81.05,29.8,Unknown,0
63511,Male,1.32,0,0,No,children,Rural,78.53,19.8,Unknown,0
36350,Female,81.25903581,1,0,Yes,Private,Rural,2089963355.0,21.01052078,never smoked,1
30683,Female,75.0,0,0,Yes,Private,Rural,199.2,26.6,Unknown,0
46577,Female,13.0,0,0,No,Private,Urban,77.63,31.7,never smoked,0
57896,Male,32.0,0,0,Yes,Private,Urban,64.02,23.8,smokes,0
58018,Male,67.0,0,0,Yes,Self-employed,Urban,136.79,29.053517067472285,smokes,0
23969,Male,80.02521296,1,0,Yes,Private,Rural,3307645518.0,25.09479392,never smoked,1
50699,Male,74.0,0,1,Yes,Private,Rural,64.8,28.6,never smoked,0
19191,Male,82.0,0,0,Yes,Private,Urban,217.57,33.5,formerly smoked,0
16587,Female,16.0,0,0,No,Private,Urban,122.26,34.2,never smoked,0
30328,Female,69.0,1,0,Yes,Govt_job,Rural,103.44,43.1,formerly smoked,0
44642,Male,52.0,0,0,Yes,Govt_job,Urban,93.28,36.3,never smoked,0
36960,Female,79.0,0,0,Yes,Private,Rural,79.53,37.3,never smoked,0
43090,Female,62.0,1,0,Yes,Self-employed,Rural,74.32,34.0,never smoked,0
41513,Female,20.0,0,0,Yes,Private,Urban,74.02,22.3,never smoked,0
11709,Male,71.0,0,0,No,Private,Urban,95.08,31.5,never smoked,0
4001,Female,67.0,0,1,Yes,Govt_job,Rural,199.6,21.9,smokes,1
55976,Male,5.0,0,0,No,children,Rural,145.71,18.1,Unknown,0
34721,Female,62.0,1,0,Yes,Govt_job,Urban,92.13,33.7,never smoked,0
29383,Female,77.0,0,0,Yes,Self-employed,Urban,60.34,23.8,never smoked,0
5563,Female,77.0,0,0,Yes,Private,Urban,105.22,31.0,never smoked,0
49272,Male,59.0,0,0,Yes,Govt_job,Urban,129.19,30.6,never smoked,0
64972,Male,47.0,0,0,Yes,Private,Rural,57.76,33.2,smokes,0
2296,Male,78.0,1,0,Yes,Self-employed,Urban,90.19,29.053517067472285,Unknown,1
5288,Male,10.0,0,0,No,children,Urban,108.08,15.6,Unknown,0
43784,Male,81.98911641,0,0,Yes,Self-employed,Urban,2909045029.0,29.35228084,never smoked,1
63144,Male,17.0,0,0,No,Govt_job,Urban,123.04,29.6,never smoked,0
29869,Male,49.0,0,0,Yes,Private,Urban,199.96,28.6,never smoked,0
22440,Female,49.0,0,0,Yes,Private,Urban,267.76,29.3,formerly smoked,0
60276,Male,78.0,1,1,Yes,Self-employed,Rural,106.41,27.3,never smoked,1
14259,Female,79.0,1,0,Yes,Private,Rural,212.31,28.9,never smoked,0
17740,Male,65.0,0,0,Yes,Private,Rural,99.12,29.0,formerly smoked,0
49400,Male,75.0,0,0,Yes,Private,Rural,97.22,28.4,never smoked,0
57985,Female,27.0,0,0,Yes,Private,Urban,94.19,27.4,formerly smoked,0
30290,Female,40.0,0,0,Yes,Private,Urban,70.13,23.6,never smoked,0
61903,Male,58.0,0,0,No,Govt_job,Rural,95.75,38.5,smokes,0
19101,Female,16.0,0,0,No,Private,Urban,87.98,22.4,never smoked,0
70447,Male,50.0,0,0,Yes,Private,Rural,122.48,35.9,smokes,0
3154,Female,81.0,0,0,Yes,Self-employed,Rural,114.88,18.3,formerly smoked,1
40870,Female,75.0,0,0,Yes,Govt_job,Urban,73.89,20.9,Unknown,0
71044,Female,8.0,0,0,No,children,Rural,71.63,16.3,Unknown,0
23876,Female,65.24331936,0,0,Yes,Govt_job,Urban,9361748503.0,29.81822913,formerly smoked,1
34402,Female,23.0,0,0,Yes,Private,Rural,91.97,21.6,formerly smoked,0
47005,Female,47.0,0,0,Yes,Private,Urban,68.48,21.3,never smoked,0
18141,Male,76.0,0,1,Yes,Self-employed,Rural,101.43,29.1,Unknown,1
2953,Female,43.0,0,0,Yes,Private,Rural,75.05,22.9,smokes,0
36523,Male,56.0,1,0,Yes,Private,Urban,102.37,35.6,never smoked,0
9879,Female,55.0,0,1,Yes,Private,Urban,199.38,39.0,Unknown,0
32717,Male,16.0,0,0,No,children,Rural,106.11,22.4,Unknown,0
63026,Male,5.0,0,0,No,children,Rural,79.33,15.0,Unknown,0
24168,Male,51.0,1,0,Yes,Private,Urban,56.48,39.8,never smoked,0
59102,Female,57.0,0,0,Yes,Self-employed,Urban,139.73,29.053517067472285,smokes,0
32103,Male,59.0,0,0,Yes,Self-employed,Urban,76.51,29.8,never smoked,0
61783,Male,78.12762698,0,0,Yes,Self-employed,Urban,9805748902.0,31.80512606,never smoked,1
15018,Female,23.0,0,0,No,Govt_job,Urban,84.46,28.4,formerly smoked,0
58422,Male,43.0,0,0,Yes,Govt_job,Rural,56.08,23.9,Unknown,0
46245,Male,61.0,0,1,Yes,Private,Urban,59.52,32.5,formerly smoked,0
7665,Female,73.0,0,0,Yes,Private,Rural,98.34,30.9,Unknown,0
21138,Male,37.0,0,0,No,Self-employed,Urban,85.94,40.6,Unknown,0
4683,Male,23.0,0,0,No,Private,Urban,115.98,22.3,never smoked,0
38920,Male,0.48,0,0,No,children,Urban,73.02,29.053517067472285,Unknown,0
29703,Female,78.0,1,0,Yes,Self-employed,Urban,69.38,19.3,never smoked,0
45257,Female,38.0,0,0,Yes,Private,Rural,81.28,33.2,smokes,0
9489,Female,65.0,0,0,Yes,Private,Urban,84.75,21.4,Unknown,0
72160,Male,72.0,1,1,Yes,Private,Rural,60.98,34.9,formerly smoked,0
39556,Male,50.0,0,0,Yes,Self-employed,Urban,101.85,25.1,smokes,0
20169,Female,75.0,0,0,Yes,Private,Rural,106.33,27.8,Unknown,0
69551,Male,69.0,1,0,No,Private,Rural,182.99,36.5,never smoked,0
60003,Male,81.0,0,0,Yes,Govt_job,Rural,89.02,26.9,never smoked,0
71957,Female,35.0,0,0,Yes,Private,Rural,58.72,40.0,smokes,0
28807,Male,57.13180182,0,0,Yes,Private,Urban,5763044364.0,26.82803663,smokes,1
72547,Male,61.0,0,0,Yes,Private,Rural,55.26,33.2,Unknown,0
38894,Female,35.0,0,0,Yes,Private,Urban,120.15,27.3,never smoked,0
8009,Female,72.0,1,1,Yes,Private,Urban,217.79,26.1,formerly smoked,1
43549,Female,40.0,1,0,Yes,Private,Rural,81.59,27.2,never smoked,0
10436,Female,29.0,0,0,Yes,Private,Rural,102.07,31.8,never smoked,0
10996,Male,55.96990243,0,0,Yes,Private,Urban,5659783917.0,36.57017341,formerly smoked,1
67744,Female,23.0,0,0,No,Private,Urban,74.46,35.6,formerly smoked,0
2327,Female,25.0,0,0,No,Private,Rural,76.72,21.5,Unknown,0
12807,Female,63.0,1,0,Yes,Private,Urban,81.54,24.2,never smoked,0
1112,Female,14.0,0,0,No,Private,Urban,83.42,28.7,never smoked,0
53957,Male,71.0,0,0,Yes,Self-employed,Urban,96.04,45.1,formerly smoked,0
30184,Male,82.0,0,0,Yes,Private,Rural,86.62,29.5,formerly smoked,0
57813,Female,55.0,0,0,Yes,Private,Urban,57.3,41.5,never smoked,0
69834,Female,57.0,0,0,Yes,Govt_job,Rural,87.1,48.3,smokes,0
51112,Male,29.0,0,0,Yes,Self-employed,Urban,118.7,33.2,Unknown,0
71721,Female,18.0,0,0,No,Private,Rural,80.06,31.8,Unknown,0
44992,Male,14.0,0,0,No,Private,Urban,126.57,25.9,formerly smoked,0
41523,Male,9.0,0,0,No,children,Rural,94.59,20.0,Unknown,0
1989,Male,37.0,0,0,Yes,Private,Rural,107.06,29.053517067472285,smokes,0
69249,Female,3.0,0,0,No,children,Urban,124.5,16.4,Unknown,0
69768,Female,1.32,0,0,No,children,Urban,70.37,29.053517067472285,Unknown,0
40188,Male,72.40019034,1,1,Yes,Self-employed,Urban,48117611.61,29.47794548,smokes,1
56573,Male,73.0,0,0,Yes,Private,Rural,121.83,30.3,formerly smoked,0
72082,Female,45.0,0,0,Yes,Self-employed,Rural,69.76,25.3,smokes,0
51421,Female,54.0,0,0,Yes,Private,Rural,65.38,25.9,Unknown,0
34660,Male,55.0,0,0,Yes,Self-employed,Urban,69.97,25.8,formerly smoked,0
42329,Female,77.0,0,0,Yes,Private,Rural,75.06,22.0,Unknown,0
37132,Male,82.0,0,0,Yes,Govt_job,Urban,200.59,29.0,formerly smoked,0
70297,Female,36.0,0,0,Yes,Private,Urban,91.34,29.9,never smoked,0
64633,Female,48.0,0,0,Yes,Private,Urban,94.04,32.7,never smoked,0
16091,Male,14.0,0,0,No,Private,Rural,103.44,20.1,never smoked,0
21852,Male,2.0,0,0,No,children,Rural,96.47,19.5,Unknown,0
18140,Female,33.0,0,0,Yes,Private,Rural,131.28,25.1,never smoked,0
13111,Female,67.0,1,0,Yes,Private,Rural,85.48,29.053517067472285,smokes,0
30550,Female,78.0,0,0,No,Private,Urban,103.86,30.6,Unknown,0
42441,Male,7.0,0,0,No,children,Urban,152.81,17.7,Unknown,0
32317,Female,41.0,0,0,Yes,Private,Urban,80.72,34.1,smokes,0
37752,Female,35.0,0,0,Yes,Private,Rural,74.55,22.4,never smoked,0
5684,Male,40.0,0,0,No,Private,Urban,88.27,29.053517067472285,formerly smoked,0
36317,Female,41.0,0,0,Yes,Private,Rural,134.29,26.8,smokes,0
59178,Female,7.0,0,0,No,children,Urban,86.75,22.3,Unknown,0
1260,Male,59.0,0,0,Yes,Govt_job,Urban,101.24,26.5,never smoked,0
54294,Female,65.0,0,0,Yes,Govt_job,Urban,79.39,31.5,formerly smoked,0
24421,Male,30.0,0,0,No,Private,Urban,113.08,41.8,Unknown,0
6843,Male,75.0,0,0,Yes,Private,Rural,106.34,22.4,smokes,0
22194,Female,36.0,0,0,Yes,Private,Urban,96.7,31.4,Unknown,0
42681,Female,58.0,0,0,Yes,Govt_job,Rural,73.36,36.6,formerly smoked,0
47236,Female,50.0,0,0,Yes,Private,Urban,154.67,33.8,never smoked,0
8838,Female,36.0,0,0,No,Private,Rural,66.55,32.8,smokes,0
1821,Female,54.0,0,0,Yes,Private,Urban,85.22,50.2,never smoked,0
29865,Female,21.0,0,0,No,Private,Rural,89.44,21.9,smokes,0
68568,Female,72.0,0,0,Yes,Self-employed,Rural,57.28,23.9,never smoked,0
54353,Female,78.0,1,1,Yes,Private,Urban,227.16,41.7,never smoked,1
7639,Male,79.70112481,0,0,Yes,Self-employed,Urban,4294453010.0,22.12054597,never smoked,1
46461,Female,52.0,0,0,Yes,Private,Urban,62.54,35.0,smokes,0
66051,Male,43.0,0,0,Yes,Self-employed,Rural,115.79,31.8,Unknown,0
1213,Female,31.0,0,0,Yes,Self-employed,Urban,87.23,29.053517067472285,formerly smoked,0
16433,Female,36.0,0,0,Yes,Private,Rural,107.99,25.5,never smoked,0
45622,Female,25.0,0,0,No,Private,Rural,118.85,23.8,smokes,0
50410,Female,78.0,0,0,No,Govt_job,Rural,76.64,34.6,never smoked,0
22691,Female,29.0,0,0,Yes,Self-employed,Urban,90.52,28.0,never smoked,0
45893,Female,8.0,0,0,No,children,Urban,106.51,12.3,Unknown,0
14147,Male,49.0,0,0,Yes,Private,Urban,186.32,43.8,smokes,0
22295,Female,25.0,0,0,No,Private,Urban,82.77,36.3,Unknown,0
60491,Female,78.0,0,0,Yes,Private,Urban,58.57,24.2,Unknown,0
26862,Female,41.0,0,0,Yes,Govt_job,Rural,78.93,30.9,formerly smoked,0
60266,Male,6.0,0,0,No,children,Rural,94.88,17.2,Unknown,0
45264,Female,73.0,0,0,Yes,Private,Rural,237.02,24.7,never smoked,0
67733,Female,28.0,0,0,Yes,Private,Urban,183.45,40.5,smokes,0
55766,Male,41.0,0,0,Yes,Private,Rural,119.32,30.6,Unknown,0
58617,Female,43.0,0,0,Yes,Self-employed,Rural,118.89,43.6,never smoked,0
12404,Male,81.0,0,0,No,Private,Rural,195.48,37.9,formerly smoked,0
20740,Female,50.0,0,0,Yes,Self-employed,Rural,84.88,27.1,never smoked,0
3152,Male,59.46327099,0,0,Yes,Private,Urban,1832605468.0,36.9563241,never smoked,1
8541,Female,75.0,0,0,Yes,Govt_job,Rural,94.77,27.2,never smoked,0
2457,Female,67.0,0,1,Yes,Self-employed,Rural,94.45,29.6,formerly smoked,0
62834,Female,32.0,0,0,Yes,Private,Urban,88.33,20.0,Unknown,0
48648,Female,55.0,0,0,Yes,Private,Urban,64.45,26.7,never smoked,0
55455,Male,27.0,0,0,No,Private,Rural,112.41,33.7,never smoked,0
36007,Female,21.0,0,0,Yes,Private,Rural,101.37,37.9,never smoked,0
25974,Male,78.0,0,0,Yes,Self-employed,Urban,218.46,26.8,Unknown,0
57124,Male,37.0,0,0,Yes,Private,Urban,120.07,33.9,smokes,0
36321,Female,76.54290405,0,0,Yes,Private,Rural,2409405111.0,27.52586597,never smoked,1
5951,Male,28.0,1,0,No,Private,Urban,86.61,38.6,smokes,0
51285,Female,46.0,0,0,Yes,Private,Urban,61.81,25.5,Unknown,0
35450,Female,51.0,0,0,Yes,Private,Rural,93.67,19.2,never smoked,0
17860,Male,56.0,0,0,Yes,Private,Rural,97.5,36.3,formerly smoked,0
6040,Female,46.0,0,0,No,Private,Rural,79.63,55.0,Unknown,0
35043,Female,82.0,0,1,Yes,Self-employed,Urban,125.31,24.8,Unknown,1
11382,Male,18.0,0,0,No,Private,Rural,98.07,24.0,never smoked,0
65794,Female,81.0,1,0,Yes,Private,Rural,164.77,34.5,never smoked,0
26169,Female,80.28559183,1,0,No,Private,Urban,1214641220.0,34.29255113,never smoked,1
26366,Female,27.0,0,0,No,Private,Rural,103.35,28.1,formerly smoked,0
48652,Female,8.0,0,0,No,children,Urban,83.55,22.4,Unknown,0
70757,Female,80.81256749,0,1,No,Self-employed,Urban,9433275612.0,19.2558577,never smoked,1
55137,Female,25.0,0,0,No,Private,Urban,125.98,21.0,smokes,0
41565,Female,33.0,0,0,No,Private,Urban,121.19,22.1,never smoked,0
30712,Male,50.0,0,0,Yes,Private,Urban,103.51,35.9,never smoked,0
45669,Male,22.0,0,0,No,Private,Urban,89.53,30.2,Unknown,0
22282,Male,52.0,1,0,Yes,Govt_job,Rural,116.62,29.053517067472285,smokes,0
68601,Female,18.0,0,0,No,Private,Urban,67.92,19.4,never smoked,0
37154,Female,31.0,0,0,Yes,Private,Urban,125.38,24.4,smokes,0
56575,Female,51.0,1,0,Yes,Govt_job,Urban,69.94,33.3,smokes,0
13516,Male,70.89247373,0,0,Yes,Self-employed,Urban,6218605669.0,29.39320156,Unknown,1
45139,Female,79.0,0,1,Yes,Private,Rural,201.38,31.1,never smoked,1
54184,Female,22.0,0,0,No,Private,Urban,63.37,26.5,never smoked,0
19239,Female,50.0,0,0,Yes,Govt_job,Urban,104.24,32.8,Unknown,0
57075,Male,81.08806698,0,0,Yes,Private,Urban,8780279174.0,26.51024504,formerly smoked,1
68398,Male,82.0,1,0,Yes,Self-employed,Rural,71.97,28.3,never smoked,1
17697,Female,62.0,0,0,Yes,Govt_job,Urban,67.07,24.5,never smoked,0
38796,Female,54.0,0,0,Yes,Private,Urban,99.83,22.7,formerly smoked,0
11111,Female,66.0,1,0,Yes,Govt_job,Urban,205.01,52.7,formerly smoked,0
19611,Male,59.0,0,0,Yes,Private,Urban,81.21,33.2,smokes,0
56734,Male,33.0,0,0,Yes,Govt_job,Urban,82.83,25.4,Unknown,0
49529,Female,1.16,0,0,No,children,Urban,60.98,17.2,Unknown,0
57944,Female,35.0,0,0,Yes,Govt_job,Rural,56.12,24.2,smokes,0
24099,Male,17.0,0,0,No,Private,Rural,68.49,33.2,never smoked,0
5068,Female,28.0,0,0,No,Private,Urban,76.81,28.3,smokes,0
24245,Male,55.0,0,0,Yes,Private,Urban,90.97,32.1,Unknown,0
54383,Male,60.0,0,0,Yes,Private,Rural,101.34,32.8,never smoked,0
10659,Female,8.0,0,0,No,children,Urban,81.53,14.8,Unknown,0
70081,Male,42.0,1,0,Yes,Self-employed,Rural,77.24,41.2,Unknown,0
5973,Male,43.0,0,0,Yes,Private,Urban,86.78,23.5,smokes,0
26317,Female,47.0,0,0,Yes,Private,Rural,90.35,29.053517067472285,Unknown,0
16109,Male,63.0,0,0,Yes,Private,Urban,105.52,37.9,formerly smoked,0
9189,Female,20.0,0,0,No,Private,Urban,80.27,27.9,never smoked,0
44785,Female,80.0,0,0,Yes,Self-employed,Rural,163.81,20.7,Unknown,0
30463,Male,29.0,0,0,No,Private,Urban,82.93,29.4,formerly smoked,0
39229,Female,24.0,0,0,Yes,Private,Rural,67.99,32.1,never smoked,0
68034,Female,53.0,1,0,Yes,Govt_job,Urban,83.73,32.5,never smoked,0
59945,Female,23.0,0,0,No,Private,Urban,132.88,24.9,never smoked,0
11713,Male,51.0,0,0,Yes,Private,Rural,77.07,32.1,formerly smoked,0
9046,Male,67.0,0,1,Yes,Private,Urban,228.69,36.6,formerly smoked,0
12228,Male,13.0,0,0,No,children,Rural,97.97,24.5,never smoked,0
21534,Male,67.0,0,0,Yes,Private,Urban,260.85,29.053517067472285,Unknown,1
18020,Male,57.0,0,0,Yes,Private,Urban,93.04,29.2,never smoked,0
49254,Male,57.0,1,0,Yes,Private,Urban,80.72,41.5,formerly smoked,0
17569,Male,41.0,0,0,Yes,Self-employed,Rural,93.52,31.5,Unknown,0
25495,Male,5.0,0,0,No,children,Urban,112.11,20.1,Unknown,0
8410,Female,8.0,0,0,No,children,Rural,98.9,18.8,Unknown,0
43282,Male,0.72,0,0,No,children,Rural,159.79,19.9,Unknown,0
37237,Female,31.0,0,0,No,Private,Rural,87.81,26.4,smokes,0
53426,Male,49.0,0,0,Yes,Private,Rural,58.42,32.8,formerly smoked,0
69710,Female,46.0,0,0,No,Self-employed,Rural,64.09,25.3,never smoked,0
11573,Female,19.0,0,0,No,Private,Rural,72.39,29.053517067472285,smokes,0
60104,Male,44.0,0,0,Yes,Private,Urban,80.73,28.1,smokes,0
72672,Female,50.0,0,0,Yes,Private,Rural,132.35,25.6,smokes,0
46699,Female,18.0,0,0,No,Private,Rural,78.57,34.4,Unknown,0
19723,Female,35.0,0,0,Yes,Self-employed,Rural,82.99,30.6,never smoked,0
36666,Male,14.0,0,0,No,children,Urban,57.95,17.1,Unknown,0
23194,Male,32.0,1,0,No,Private,Rural,74.43,29.053517067472285,Unknown,0
14399,Female,41.0,0,0,Yes,Private,Urban,92.14,29.6,formerly smoked,0
53265,Female,33.0,0,0,Yes,Self-employed,Urban,70.59,20.2,Unknown,0
46343,Female,79.0,0,0,Yes,Private,Urban,71.46,33.4,Unknown,0
67432,Female,60.0,0,0,Yes,Private,Urban,97.43,26.4,smokes,0
64750,Female,22.0,0,0,No,Private,Rural,62.81,21.3,never smoked,0
15418,Female,80.0,0,0,Yes,Self-employed,Rural,90.43,34.2,never smoked,0
45222,Male,58.0,1,0,No,Private,Urban,55.78,27.5,smokes,0
66083,Male,62.0,0,0,Yes,Private,Rural,145.46,40.1,never smoked,0
34720,Male,45.0,0,1,Yes,Private,Rural,93.77,29.053517067472285,Unknown,0
53694,Male,79.0,0,0,No,Self-employed,Urban,128.72,31.0,Unknown,0
58015,Female,44.0,0,0,No,Private,Rural,65.3,22.1,smokes,0
55653,Female,73.39025092,1,0,Yes,Self-employed,Rural,1294191615.0,30.57216275,never smoked,1
8433,Male,63.0,1,0,Yes,Govt_job,Urban,174.28,24.4,formerly smoked,0
18666,Female,34.0,0,0,No,Private,Urban,85.27,26.6,formerly smoked,0
6879,Female,44.0,0,0,No,Govt_job,Urban,215.9,41.8,smokes,0
27075,Female,57.17951297,0,0,Yes,Self-employed,Urban,3909951045.0,30.67956072,never smoked,1
47412,Female,77.0,1,0,Yes,Govt_job,Rural,117.08,28.4,formerly smoked,0
44938,Female,1.4,0,0,No,children,Urban,129.07,20.6,Unknown,0
62513,Female,28.0,0,0,Yes,Private,Rural,141.16,36.7,never smoked,0
44068,Female,60.0,0,0,Yes,Private,Rural,209.44,32.7,never smoked,0
52668,Female,24.0,0,0,No,Private,Urban,65.44,23.6,never smoked,0
2304,Male,51.0,0,0,Yes,Govt_job,Rural,95.19,24.3,smokes,0
71793,Female,21.0,0,0,No,Private,Urban,129.16,34.4,Unknown,0
34621,Female,8.0,0,0,No,children,Urban,79.33,15.2,Unknown,0
27818,Female,27.0,0,0,No,Private,Rural,104.21,35.7,never smoked,0
26742,Female,68.0,0,0,Yes,Govt_job,Urban,96.75,28.4,formerly smoked,0
42041,Female,38.0,0,0,Yes,Private,Rural,217.55,29.053517067472285,smokes,0
34668,Female,56.0,0,0,Yes,Private,Urban,77.49,36.0,formerly smoked,0
10710,Female,56.0,0,0,Yes,Private,Urban,185.17,40.4,formerly smoked,0
15649,Male,54.0,1,0,Yes,Private,Rural,198.69,29.053517067472285,smokes,0
54264,Female,81.0,1,0,Yes,Private,Urban,58.71,34.5,never smoked,0
29233,Male,2.0,0,0,No,children,Rural,111.02,20.5,Unknown,0
48095,Female,70.0,0,0,Yes,Private,Rural,213.91,38.6,Unknown,0
12449,Female,34.0,0,0,Yes,Private,Rural,119.61,26.4,Unknown,0
23394,Female,51.0,0,1,Yes,Private,Rural,71.35,29.053517067472285,smokes,0
62951,Female,32.0,0,0,Yes,Private,Rural,61.83,31.3,never smoked,0
61299,Female,79.0,1,0,Yes,Private,Rural,119.62,39.0,Unknown,0
12917,Female,79.0,0,0,Yes,Private,Urban,97.73,21.5,smokes,0
69435,Female,0.56,0,0,No,children,Urban,80.92,18.3,Unknown,0
22959,Male,64.0,1,1,Yes,Self-employed,Urban,194.43,29.053517067472285,smokes,0
46256,Male,15.0,0,0,No,Private,Urban,77.55,24.8,Unknown,0
28717,Female,56.0,1,0,Yes,Private,Rural,177.56,30.1,never smoked,0
2893,Female,7.0,0,0,No,children,Rural,72.35,17.0,Unknown,0
15988,Male,60.0,1,0,Yes,Private,Urban,197.09,34.3,Unknown,0
34161,Male,33.0,1,0,Yes,Private,Rural,85.12,32.5,never smoked,0
31999,Male,51.0,0,1,Yes,Private,Rural,96.06,30.3,Unknown,0
38742,Female,71.0,0,0,Yes,Private,Urban,80.34,29.2,never smoked,0
48796,Female,75.0,0,0,Yes,Govt_job,Urban,62.48,29.053517067472285,Unknown,0
11743,Female,32.0,0,0,Yes,Private,Urban,91.34,25.5,formerly smoked,0
18498,Female,44.0,0,0,No,Private,Rural,103.78,49.8,formerly smoked,0
49084,Male,20.0,0,0,No,Private,Urban,57.51,21.4,Unknown,0
33454,Female,63.0,0,0,Yes,Govt_job,Rural,106.58,23.9,Unknown,0
34179,Male,75.0,1,0,Yes,Private,Urban,228.22,26.6,formerly smoked,0
34133,Female,20.0,0,0,No,Private,Rural,93.74,23.7,Unknown,0
47410,Female,14.0,0,0,No,children,Rural,111.76,24.8,Unknown,0
46895,Male,60.0,0,0,Yes,Private,Rural,62.61,30.7,never smoked,0
479,Female,59.0,1,0,Yes,Private,Rural,78.28,31.0,formerly smoked,0
61247,Female,32.0,0,0,No,Private,Rural,199.18,27.9,never smoked,0
26031,Female,14.0,0,0,No,Private,Rural,84.46,21.8,Unknown,0
20929,Female,79.0,0,0,Yes,Private,Rural,100.03,34.0,formerly smoked,0
71596,Female,47.0,0,0,Yes,Private,Urban,67.08,22.3,Unknown,0
15557,Male,57.0,1,1,Yes,Private,Rural,92.73,33.4,formerly smoked,0
16029,Female,70.0,0,0,Yes,Self-employed,Rural,96.82,25.0,never smoked,0
38089,Male,82.0,0,0,Yes,Self-employed,Rural,55.7,35.6,Unknown,0
55457,Female,48.0,0,0,Yes,Private,Urban,110.18,30.3,smokes,0
10523,Male,56.0,0,0,Yes,Private,Urban,78.93,31.1,Unknown,0
10995,Male,76.0,1,0,Yes,Private,Rural,267.6,30.5,never smoked,1
48303,Male,39.0,0,0,Yes,Private,Rural,71.3,34.7,never smoked,0
52361,Male,69.0,1,1,Yes,Private,Urban,78.11,34.7,formerly smoked,0
15937,Male,45.0,1,0,Yes,Self-employed,Rural,74.28,37.2,formerly smoked,0
448,Female,49.0,0,0,Yes,Private,Rural,107.55,29.053517067472285,Unknown,0
62454,Female,12.0,0,0,No,children,Urban,63.98,21.2,formerly smoked,0
65257,Male,59.0,0,0,Yes,Private,Urban,135.84,27.3,never smoked,0
63732,Male,70.0,1,0,Yes,Self-employed,Urban,251.6,27.1,never smoked,1
49421,Female,66.0,1,0,Yes,Private,Rural,205.23,39.5,never smoked,0
5581,Female,39.0,0,0,Yes,Private,Rural,89.32,31.0,formerly smoked,0
39286,Female,35.0,0,0,Yes,Self-employed,Rural,151.25,28.4,Unknown,0
48459,Male,61.0,0,0,Yes,Self-employed,Urban,111.94,26.5,smokes,0
65218,Male,2.0,0,0,No,children,Rural,109.1,20.0,Unknown,0
14712,Male,57.0,0,0,Yes,Private,Urban,89.44,26.7,never smoked,0
26025,Female,45.0,0,0,Yes,Govt_job,Urban,103.22,20.5,never smoked,0
31481,Female,1.16,0,0,No,children,Urban,97.28,17.8,Unknown,0
17632,Female,65.23739882,0,1,Yes,Private,Rural,6084293484.0,40.80449749,formerly smoked,1
62552,Female,9.0,0,0,No,children,Rural,90.22,18.7,Unknown,0
62284,Male,63.0,0,0,Yes,Self-employed,Rural,78.43,18.8,never smoked,0
27647,Male,80.0,0,1,Yes,Self-employed,Rural,95.49,31.6,Unknown,0
2393,Male,59.0,1,0,Yes,Private,Rural,87.81,29.8,formerly smoked,0
491,Female,74.0,0,0,Yes,Self-employed,Urban,74.96,26.6,never smoked,0
60210,Female,22.0,0,0,No,Private,Urban,73.5,41.3,smokes,0
36896,Male,25.0,0,0,Yes,Private,Rural,66.51,29.2,Unknown,0
12815,Male,80.48294114,1,0,Yes,Private,Rural,225703379.9,32.58744227,Unknown,1
29734,Female,45.0,0,0,No,Govt_job,Rural,77.45,42.2,formerly smoked,0
56311,Female,16.0,0,0,No,Private,Rural,81.92,22.7,Unknown,0
12109,Female,81.0,1,0,Yes,Private,Rural,80.43,29.7,never smoked,1
33478,Female,56.0,0,0,No,Private,Rural,74.35,26.6,smokes,0
749,Male,67.76186617,0,0,Yes,Private,Urban,2409894744.0,38.1960025,never smoked,1
71967,Female,72.0,0,0,No,Private,Rural,82.6,29.2,smokes,0
4692,Female,74.0,0,0,Yes,Govt_job,Urban,251.99,25.5,never smoked,0
66011,Male,60.68680235,0,0,Yes,Self-employed,Urban,8579485311.0,21.66753061,never smoked,1
52234,Female,72.0,0,0,Yes,Govt_job,Urban,104.05,33.5,never smoked,0
38036,Female,23.0,0,0,No,Private,Urban,124.5,33.4,Unknown,0
37770,Female,76.0,0,0,Yes,Private,Rural,77.48,23.3,never smoked,0
298,Female,41.0,0,0,Yes,Self-employed,Rural,76.66,29.053517067472285,Unknown,0
11014,Male,4.0,0,0,No,children,Rural,79.17,20.0,Unknown,0
70429,Female,33.0,0,0,Yes,Private,Urban,84.48,44.5,never smoked,0
66490,Male,42.0,1,0,Yes,Govt_job,Urban,118.82,41.0,smokes,0
69259,Female,77.0,0,0,Yes,Private,Rural,100.85,29.5,smokes,0
66690,Female,63.0,0,0,Yes,Self-employed,Urban,69.46,26.6,never smoked,0
1405,Male,1.88,0,0,No,children,Urban,111.65,16.3,Unknown,0
48298,Female,80.0,0,0,Yes,Private,Rural,70.31,23.2,Unknown,0
21407,Male,39.0,0,0,Yes,Private,Rural,117.03,40.3,formerly smoked,0
29267,Male,25.0,0,0,No,Private,Rural,229.94,23.5,never smoked,0
8268,Male,73.82133642,1,1,Yes,Private,Rural,1516449715.0,27.0063236,smokes,1
49366,Male,62.68209449,0,1,Yes,Self-employed,Rural,4425873555.0,33.02782366,Unknown,1
67012,Male,64.0,1,0,Yes,Private,Rural,196.26,34.5,Unknown,0
69524,Male,56.0,0,0,Yes,Self-employed,Urban,94.07,31.5,never smoked,0
13988,Female,46.0,0,0,Yes,Private,Rural,75.09,28.7,never smoked,0
30102,Male,52.0,0,0,Yes,Private,Rural,68.35,34.1,never smoked,0
10238,Female,68.0,1,0,Yes,Private,Urban,95.82,28.6,never smoked,0
9076,Male,42.0,0,0,Yes,Self-employed,Urban,86.07,27.3,Unknown,0
34001,Female,6.0,0,0,No,children,Urban,78.26,19.4,Unknown,0
12990,Male,9.0,0,0,No,children,Rural,84.17,17.4,Unknown,0
59915,Female,53.0,0,0,No,Private,Urban,129.43,29.6,never smoked,0
71387,Female,66.0,0,0,Yes,Govt_job,Rural,59.62,32.4,never smoked,0
22917,Female,62.0,0,0,Yes,Private,Urban,92.99,29.3,formerly smoked,0
72651,Male,51.0,0,0,No,Private,Rural,63.57,29.053517067472285,smokes,0
69427,Female,29.0,0,0,No,Private,Urban,101.28,22.7,never smoked,0
36946,Male,74.0,0,0,Yes,Private,Rural,92.67,26.3,formerly smoked,0
21677,Female,64.0,0,0,Yes,Private,Rural,75.13,31.1,formerly smoked,0
59342,Female,76.0,0,0,Yes,Private,Urban,89.9,27.5,formerly smoked,0
34940,Male,32.0,0,0,Yes,Private,Urban,90.28,39.6,never smoked,0
50189,Male,62.28921916,1,0,Yes,Private,Rural,5561975225.0,32.95196798,smokes,1
13993,Female,19.0,0,0,No,Private,Urban,76.57,26.6,Unknown,0
4813,Male,27.0,0,0,No,Private,Urban,112.98,44.7,never smoked,0
67466,Male,63.0,1,0,Yes,Private,Urban,232.78,31.8,formerly smoked,0
11632,Male,60.0,0,0,Yes,Private,Urban,96.02,28.7,Unknown,0
5046,Male,17.0,0,0,No,Self-employed,Urban,98.42,23.4,Unknown,0
15098,Female,65.0,0,0,Yes,Private,Rural,95.87,29.8,never smoked,0
57870,Male,54.0,0,0,Yes,Private,Rural,89.41,42.4,smokes,0
4659,Male,81.1127565,0,0,Yes,Self-employed,Urban,3764676896.0,31.60234582,smokes,1
64908,Male,79.0,0,1,Yes,Private,Urban,57.08,22.0,formerly smoked,0
28587,Male,80.6339326,0,0,Yes,Private,Urban,917497351.5,18.11555898,never smoked,1
15415,Male,41.0,1,1,Yes,Private,Urban,94.47,43.9,never smoked,0
6962,Male,54.0,0,0,Yes,Private,Rural,70.12,28.2,smokes,0
17148,Male,57.0,0,0,Yes,Private,Urban,189.57,30.7,never smoked,0
51676,Female,61.0,0,0,Yes,Self-employed,Rural,202.21,29.053517067472285,never smoked,0
69240,Female,78.02983527,0,0,Yes,Self-employed,Rural,2329761456.0,23.03687406,never smoked,1
12097,Female,72.0,0,0,Yes,Private,Urban,95.2,35.0,never smoked,0
51828,Male,35.0,0,0,Yes,Private,Rural,95.89,34.2,Unknown,0
259,Male,79.0,0,0,Yes,Private,Urban,198.79,24.9,never smoked,1
63478,Female,41.0,0,0,Yes,Private,Urban,76.34,28.0,Unknown,0
18283,Female,51.0,0,0,Yes,Govt_job,Urban,81.38,34.1,smokes,0
63287,Female,49.0,0,0,Yes,Private,Urban,77.93,39.1,smokes,0
36331,Male,18.0,0,0,No,Private,Rural,70.34,24.2,Unknown,0
21963,Male,31.0,0,0,Yes,Private,Urban,108.51,26.7,Unknown,0
42929,Female,58.0,0,0,Yes,Self-employed,Rural,59.68,29.2,formerly smoked,0
50336,Female,79.88755321,1,1,Yes,Private,Urban,754241555.5,25.12115745,never smoked,1
47838,Female,70.01503717,0,0,Yes,Private,Urban,4212864170.0,28.03124399,Unknown,1
37759,Female,53.0,0,0,Yes,Private,Rural,72.63,66.8,Unknown,0
39593,Female,39.0,0,0,Yes,Private,Urban,80.63,36.0,smokes,0
31236,Female,78.84524832,1,1,Yes,Self-employed,Urban,2324123154.0,35.3897122,never smoked,1
33400,Male,59.0,0,0,Yes,Govt_job,Rural,73.75,27.3,smokes,0
28932,Female,36.0,0,0,Yes,Private,Rural,67.29,36.7,formerly smoked,0
12570,Female,79.93828209,0,0,Yes,Private,Rural,5268825167.0,33.20812648,Unknown,1
11960,Male,45.0,0,0,Yes,Private,Rural,99.97,35.6,never smoked,0
6576,Female,33.0,0,0,Yes,Private,Urban,84.48,23.2,formerly smoked,0
56286,Male,49.0,0,0,Yes,Private,Urban,193.87,41.0,Unknown,0
51149,Male,70.0,0,0,Yes,Private,Urban,66.85,29.3,Unknown,0
62914,Male,62.0,0,0,Yes,Private,Rural,60.39,26.9,Unknown,0
27347,Male,78.50641212,0,1,Yes,Private,Rural,4527622708.0,40.20134703,never smoked,1
22778,Male,34.0,0,0,Yes,Private,Urban,66.96,26.1,never smoked,0
7055,Female,58.0,0,0,Yes,Private,Urban,80.92,19.4,Unknown,0
60739,Female,79.0,1,1,No,Self-employed,Rural,60.94,29.053517067472285,never smoked,1
36155,Female,57.0,1,0,Yes,Private,Urban,98.07,50.9,formerly smoked,0
68631,Female,50.0,0,0,Yes,Private,Rural,62.32,21.6,Unknown,0
56692,Female,65.0,0,0,Yes,Self-employed,Urban,248.24,27.0,smokes,0
21989,Female,25.0,0,0,No,Private,Urban,76.44,48.3,Unknown,0
27703,Female,47.0,0,0,Yes,Private,Urban,73.8,25.7,formerly smoked,0
19735,Female,59.0,0,0,Yes,Private,Rural,79.18,52.8,formerly smoked,0
57468,Female,44.0,0,0,Yes,Private,Rural,70.58,25.1,never smoked,0
10504,Male,55.0,0,0,Yes,Govt_job,Rural,97.4,44.6,formerly smoked,0
56112,Male,64.0,0,1,Yes,Private,Urban,191.61,37.5,smokes,1
37179,Male,77.8027465,0,0,Yes,Private,Rural,1407283752.0,26.0456738,formerly smoked,1
35432,Female,36.0,0,0,Yes,Private,Rural,95.36,25.1,never smoked,0
62817,Male,60.0,0,0,Yes,Private,Urban,129.16,33.6,smokes,0
56021,Female,63.0,1,0,Yes,Private,Urban,62.13,23.6,never smoked,0
28873,Female,21.0,0,0,No,Private,Rural,74.24,32.7,never smoked,0
33960,Male,39.0,1,0,Yes,Self-employed,Urban,71.66,28.7,never smoked,0
31409,Male,38.0,0,0,Yes,Private,Rural,73.76,37.4,never smoked,0
71061,Male,59.0,0,0,Yes,Govt_job,Urban,70.04,31.4,never smoked,0
6183,Male,78.18921618,0,0,Yes,Self-employed,Urban,45712062.27,31.10891935,never smoked,1
60209,Female,63.70650251,0,0,Yes,Self-employed,Urban,7035562447.0,31.0673662,smokes,1
45297,Male,68.0,1,0,Yes,Private,Rural,95.4,27.5,never smoked,0
23748,Female,31.0,0,0,Yes,Private,Urban,92.16,22.8,never smoked,0
3609,Male,78.0,0,0,Yes,Private,Urban,80.44,29.0,never smoked,0
60056,Male,53.0,0,0,Yes,Private,Urban,113.21,28.6,smokes,0
32235,Female,45.0,1,0,Yes,Govt_job,Rural,95.02,29.053517067472285,smokes,0
13239,Female,77.19570751,0,0,Yes,Private,Urban,9138656654.0,26.45515211,never smoked,1
17986,Female,79.0,0,1,Yes,Self-employed,Urban,67.84,25.2,smokes,0
46999,Female,76.46313934,0,0,Yes,Private,Urban,7305604741.0,27.36854112,never smoked,1
39518,Female,20.0,0,0,No,Private,Rural,78.94,20.7,never smoked,0
20376,Male,40.0,0,0,Yes,Self-employed,Urban,70.07,27.6,smokes,0
9381,Male,57.74249511,0,0,Yes,Private,Rural,2296380524.0,37.46624009,smokes,1
34130,Male,54.0,1,0,Yes,Private,Rural,116.44,24.5,never smoked,0
50174,Male,70.0430488,0,1,Yes,Private,Rural,7105952960.0,32.88445086,never smoked,1
44978,Male,39.0,0,0,Yes,Govt_job,Rural,72.49,44.9,formerly smoked,0
40810,Female,70.53929024,0,1,No,Private,Urban,1686118549.0,37.75691201,never smoked,1
25226,Male,57.0,0,1,No,Govt_job,Urban,217.08,29.053517067472285,Unknown,0
25404,Male,56.0,0,0,Yes,Private,Rural,93.72,31.4,never smoked,0
38675,Female,18.0,0,0,No,Private,Urban,152.87,31.5,Unknown,0
24437,Female,82.0,0,0,Yes,Private,Rural,96.63,26.5,Unknown,0
67880,Male,5.0,0,0,No,children,Urban,148.52,20.6,Unknown,0
45160,Male,3.0,0,0,No,children,Rural,78.24,16.2,Unknown,0
66014,Female,14.0,0,0,No,children,Urban,71.8,18.8,Unknown,0
47632,Female,67.0,1,1,Yes,Private,Rural,225.29,37.4,never smoked,1
69284,Female,81.0,1,0,Yes,Self-employed,Urban,174.54,26.4,never smoked,1
38582,Female,80.64290843,0,0,Yes,Private,Rural,7864791872.0,41.82212234,never smoked,1
63656,Female,18.0,0,0,No,Private,Urban,101.95,46.0,formerly smoked,0
30620,Male,37.0,0,0,No,Private,Urban,90.95,24.6,smokes,0
49600,Female,80.76517714,0,1,Yes,Self-employed,Rural,4532317239.0,27.5672905,formerly smoked,1
68997,Male,78.37932524,0,0,Yes,Private,Urban,8251752008.0,33.64009889,formerly smoked,1
46479,Female,78.00546806,1,0,Yes,Private,Rural,2912519462.0,32.79309535,never smoked,1
7387,Female,59.0,1,0,Yes,Private,Rural,92.04,24.2,never smoked,0
1231,Female,62.0,0,0,Yes,Govt_job,Rural,73.44,23.4,Unknown,0
18390,Female,19.0,0,0,No,Private,Rural,91.69,39.5,Unknown,0
52437,Female,79.0,0,0,Yes,Self-employed,Rural,104.67,21.8,never smoked,1
72284,Female,53.0,0,0,Yes,Private,Rural,60.77,28.7,smokes,0
727,Male,44.0,0,0,Yes,Private,Rural,95.46,31.4,smokes,0
40840,Female,49.0,0,0,Yes,Private,Rural,138.16,19.4,never smoked,0
63416,Female,16.0,0,0,No,Private,Urban,58.02,22.5,Unknown,0
25900,Male,1.8,0,0,No,children,Rural,85.16,20.2,Unknown,0
1119,Male,47.0,0,1,Yes,Govt_job,Urban,101.81,28.4,smokes,0
35152,Male,10.0,0,0,No,children,Urban,76.92,15.8,Unknown,0
64123,Female,60.0,0,0,Yes,Govt_job,Urban,117.1,33.6,formerly smoked,0
99,Female,31.0,0,0,No,Private,Urban,108.89,52.3,Unknown,0
6372,Female,32.0,0,0,Yes,Private,Urban,97.14,55.9,never smoked,0
24262,Female,31.0,0,0,Yes,Private,Rural,70.91,28.3,never smoked,0
54724,Female,81.0,0,0,No,Govt_job,Urban,70.3,25.8,smokes,0
18595,Female,77.0,0,0,Yes,Private,Urban,99.78,38.0,never smoked,0
21608,Male,56.0,1,0,Yes,Govt_job,Urban,72.79,23.8,smokes,0
3724,Female,51.0,0,0,Yes,Govt_job,Urban,86.25,29.0,never smoked,0
53632,Male,34.0,0,0,No,Govt_job,Urban,72.75,22.2,Unknown,0
40124,Male,72.0,0,0,Yes,Self-employed,Rural,72.09,29.053517067472285,smokes,1
24066,Female,45.0,0,0,Yes,Private,Urban,72.65,25.6,Unknown,0
20257,Male,0.88,0,0,No,children,Urban,90.62,22.4,Unknown,0
24256,Male,35.0,0,0,Yes,Private,Rural,108.08,30.6,formerly smoked,0
43039,Female,63.0,0,0,Yes,Private,Rural,153.6,28.0,formerly smoked,0
2019,Male,20.0,0,0,No,Private,Rural,70.96,29.053517067472285,Unknown,0
66080,Female,32.0,0,0,No,Private,Urban,114.37,37.8,Unknown,0
39322,Male,18.0,0,0,No,Private,Urban,80.59,23.0,Unknown,0
44635,Female,8.0,0,0,No,children,Urban,95.39,20.4,Unknown,0
25088,Female,40.0,0,0,No,Private,Rural,217.0,29.4,formerly smoked,0
65252,Female,63.0,0,0,Yes,Govt_job,Rural,55.57,26.8,formerly smoked,0
42225,Female,80.0,0,0,Yes,Self-employed,Urban,64.15,40.5,never smoked,0
51524,Female,34.0,0,0,Yes,Private,Rural,94.44,34.2,Unknown,0
61611,Female,67.46599319,0,0,Yes,Private,Urban,6877402601.0,33.44107181,never smoked,1
49120,Female,39.0,0,0,Yes,Govt_job,Rural,69.38,22.1,Unknown,0
47350,Female,0.08,0,0,No,children,Urban,139.67,14.1,Unknown,0
38474,Male,22.0,0,0,Yes,Govt_job,Urban,131.3,27.0,never smoked,0
69213,Male,35.0,0,0,No,Private,Rural,69.54,27.4,never smoked,0
29540,Male,67.0,0,0,Yes,Private,Rural,97.04,26.9,smokes,0
1681,Female,68.0,0,0,No,Private,Urban,82.85,29.053517067472285,smokes,0
56298,Female,81.56936559,1,0,Yes,Private,Rural,1493774103.0,30.50679141,never smoked,1
26604,Female,18.0,0,0,No,Private,Rural,107.82,26.0,never smoked,0
69047,Female,59.0,0,0,Yes,Govt_job,Urban,98.52,29.8,formerly smoked,0
64501,Female,79.18096572,0,0,Yes,Private,Urban,683882135.8,26.54506975,never smoked,1
14406,Female,80.0,0,1,Yes,Self-employed,Rural,103.06,28.8,never smoked,1
68408,Male,24.0,0,0,No,Private,Urban,88.38,20.1,smokes,0
10997,Female,38.0,0,0,Yes,Private,Rural,98.73,24.3,never smoked,0
24289,Male,82.0,0,0,Yes,Private,Urban,89.83,24.7,smokes,0
41652,Female,31.0,0,0,No,Private,Urban,63.41,25.5,formerly smoked,0
30605,Female,20.0,0,0,No,Private,Urban,76.34,20.6,smokes,0
49451,Female,53.0,0,0,Yes,Private,Rural,83.91,36.6,Unknown,0
49509,Female,25.0,0,0,Yes,Private,Rural,78.5,28.6,never smoked,0
14049,Male,8.0,0,0,No,children,Rural,115.54,28.5,Unknown,0
4949,Male,49.0,0,0,Yes,Private,Rural,96.35,35.9,never smoked,0
61699,Male,80.0,0,0,Yes,Private,Rural,94.96,22.1,formerly smoked,1
41042,Female,1.56,0,0,No,children,Urban,71.81,22.6,Unknown,0
40824,Male,47.0,0,0,Yes,Private,Rural,142.02,30.0,Unknown,0
57667,Male,12.0,0,0,No,children,Urban,70.07,24.5,formerly smoked,0
14372,Male,50.0,0,0,Yes,Self-employed,Urban,192.16,43.6,never smoked,0
18578,Male,11.0,0,0,No,children,Rural,121.66,16.7,Unknown,0
59464,Female,18.0,0,0,No,Private,Rural,135.19,23.4,never smoked,0
55375,Male,69.0,1,0,Yes,Private,Rural,73.29,29.4,never smoked,0
65697,Female,39.0,0,0,Yes,Private,Urban,122.91,35.7,never smoked,0
7964,Male,24.0,0,0,No,Private,Urban,97.47,24.2,formerly smoked,0
69224,Male,19.0,0,0,No,Private,Rural,96.84,30.2,formerly smoked,0
29676,Male,48.0,0,0,No,Private,Urban,80.86,27.5,Unknown,0
35372,Male,37.0,0,0,Yes,Govt_job,Rural,74.29,36.1,never smoked,0
62187,Male,9.0,0,0,No,children,Urban,131.89,25.5,Unknown,0
52150,Male,63.0,1,1,Yes,Private,Urban,150.45,44.5,formerly smoked,0
34129,Female,74.0,0,0,Yes,Private,Rural,114.65,23.7,never smoked,0
9442,Male,55.0,0,0,Yes,Self-employed,Rural,163.82,27.5,never smoked,0
52934,Male,79.0,0,0,Yes,Self-employed,Urban,242.62,25.5,never smoked,0
30432,Male,65.0,1,0,Yes,Self-employed,Urban,113.86,36.4,never smoked,0
47057,Male,55.0,0,0,Yes,Self-employed,Urban,76.47,30.6,Unknown,0
22477,Male,41.0,0,0,Yes,Private,Rural,79.66,25.1,Unknown,0
48323,Male,53.0,0,0,Yes,Govt_job,Rural,83.68,26.7,Unknown,0
41861,Female,23.0,0,0,No,Private,Rural,63.73,25.6,smokes,0
40977,Male,51.0,0,0,Yes,Private,Rural,122.5,20.6,Unknown,0
34336,Male,50.0,1,0,Yes,Govt_job,Rural,79.73,25.5,smokes,0
6355,Female,6.0,0,0,No,children,Rural,72.07,19.5,Unknown,0
59755,Female,76.48711271,0,0,Yes,Private,Urban,4810611958.0,27.08808365,never smoked,1
30806,Male,37.0,0,0,Yes,Self-employed,Urban,87.16,30.4,formerly smoked,0
71447,Male,52.0,0,1,Yes,Private,Urban,124.49,29.0,never smoked,0
47607,Male,5.0,0,0,No,children,Rural,92.56,18.0,Unknown,0
41665,Male,53.0,0,0,Yes,Govt_job,Rural,159.39,29.2,never smoked,0
62795,Female,43.0,1,0,Yes,Private,Urban,82.33,40.2,never smoked,0
63441,Female,76.76965798,1,0,Yes,Private,Rural,8921860656.0,37.62470507,never smoked,1
46625,Male,69.4862454,0,0,Yes,Self-employed,Rural,1619764809.0,31.21509695,formerly smoked,1
19271,Female,82.0,1,1,Yes,Self-employed,Urban,101.56,31.5,never smoked,0
25178,Female,80.15167302,1,0,Yes,Self-employed,Urban,362780539.2,20.26083341,Unknown,1
8616,Female,50.0,0,0,Yes,Private,Rural,68.41,23.9,smokes,0
43016,Male,10.0,0,0,No,children,Urban,70.7,25.4,Unknown,0
72915,Female,45.0,0,0,Yes,Private,Urban,172.33,45.3,formerly smoked,0
6055,Female,80.55122578,1,0,Yes,Self-employed,Urban,9961891063.0,30.14261307,Unknown,1
55332,Female,74.0,1,1,Yes,Private,Rural,93.25,24.4,formerly smoked,0
6540,Female,41.0,0,0,Yes,Private,Rural,93.67,35.9,Unknown,0
42482,Female,4.0,0,0,No,children,Urban,62.61,21.2,Unknown,0
46373,Female,57.0,0,0,Yes,Private,Rural,169.97,25.8,never smoked,0
55459,Female,60.0,0,0,No,Private,Rural,91.82,28.3,formerly smoked,0
50864,Male,71.0,0,1,Yes,Private,Rural,87.9,21.7,formerly smoked,0
59911,Male,12.0,0,0,No,children,Urban,69.25,18.6,Unknown,0
18107,Male,63.23864331,0,1,Yes,Private,Rural,8037181910.0,33.38309169,Unknown,1
58350,Female,26.0,0,0,No,Govt_job,Rural,89.37,20.2,never smoked,0
43054,Female,50.0,0,0,Yes,Private,Rural,102.16,31.4,smokes,0
35085,Female,6.0,0,0,No,children,Rural,108.23,18.6,Unknown,0
23360,Male,0.8,0,0,No,children,Rural,114.54,15.1,Unknown,0
43503,Female,54.26645954,0,0,Yes,Private,Rural,3243652633.0,30.74041472,smokes,1
33952,Male,66.0,1,0,Yes,Private,Urban,82.91,28.9,formerly smoked,0
42465,Female,78.0,1,0,Yes,Private,Rural,58.66,16.4,never smoked,0
61528,Female,45.0,0,0,Yes,Govt_job,Urban,73.71,34.1,never smoked,0
14479,Female,71.0,0,1,Yes,Private,Urban,187.88,29.2,formerly smoked,1
63219,Male,1.24,0,0,No,children,Urban,109.97,19.3,Unknown,0
31701,Male,16.0,0,0,No,Private,Rural,125.89,21.3,never smoked,0
61684,Female,38.0,0,0,Yes,Private,Urban,151.26,20.6,never smoked,0
61384,Male,81.0,1,0,Yes,Private,Urban,117.77,27.1,never smoked,1
25483,Male,72.0,0,0,Yes,Private,Rural,215.64,26.7,formerly smoked,0
11450,Female,41.0,0,0,Yes,Self-employed,Urban,98.85,24.6,never smoked,0
31911,Female,54.0,0,0,Yes,Govt_job,Urban,98.44,25.8,formerly smoked,0
4591,Female,82.0,0,0,Yes,Self-employed,Rural,117.75,29.8,never smoked,0
43905,Female,64.0,0,0,No,Govt_job,Rural,108.1,17.9,never smoked,0
69161,Female,37.08930087,0,0,No,Self-employed,Urban,6871267316.0,33.74516815,never smoked,1
8584,Female,5.0,0,0,No,children,Rural,92.0,17.9,Unknown,0
65413,Female,64.0,0,0,Yes,Private,Urban,55.64,43.4,never smoked,0
4861,Female,30.0,0,0,Yes,Private,Urban,70.67,24.6,smokes,0
966,Female,70.0,1,0,Yes,Self-employed,Rural,103.89,30.0,never smoked,0
3715,Male,55.0,0,0,Yes,Private,Rural,232.81,28.8,Unknown,0
3726,Male,16.0,0,0,No,Private,Urban,115.16,26.9,Unknown,0
58645,Female,76.0,0,0,Yes,Private,Rural,96.24,25.4,never smoked,0
61979,Female,61.0,0,0,Yes,Govt_job,Urban,106.01,34.0,smokes,0
42727,Female,61.0,0,0,Yes,Private,Rural,60.91,29.8,Unknown,0
64370,Female,53.0,0,0,Yes,Private,Rural,91.41,29.053517067472285,never smoked,0
52461,Male,57.0,0,0,Yes,Private,Urban,111.08,27.9,never smoked,0
58600,Male,65.0,1,0,Yes,Private,Urban,112.09,29.5,never smoked,0
16378,Female,63.0,0,0,Yes,Govt_job,Urban,123.87,34.9,Unknown,0
21661,Female,68.0,0,0,Yes,Govt_job,Urban,228.05,51.9,Unknown,0
24782,Male,36.0,0,0,Yes,Private,Rural,83.79,25.5,smokes,0
7344,Male,38.0,0,0,Yes,Govt_job,Rural,237.74,21.2,never smoked,0
36575,Male,81.0,1,1,No,Private,Urban,65.12,27.4,formerly smoked,1
22622,Male,10.0,0,0,No,children,Rural,108.79,21.0,Unknown,0
43088,Male,37.0,0,0,No,Private,Urban,67.53,49.5,formerly smoked,0
14004,Female,62.0,1,0,Yes,Private,Rural,101.76,22.5,smokes,0
11003,Female,46.0,0,0,Yes,Self-employed,Rural,93.2,32.6,Unknown,0
4452,Male,65.62314815,0,0,Yes,Govt_job,Urban,3314961778.0,42.3263446,formerly smoked,1
72393,Female,23.0,0,0,Yes,Govt_job,Rural,84.93,24.2,never smoked,0
11203,Female,64.28013794,0,0,Yes,Govt_job,Rural,420358818.0,24.61643107,Unknown,1
17926,Female,48.0,0,0,Yes,Govt_job,Rural,111.64,27.9,Unknown,0
41148,Male,71.0,0,1,Yes,Private,Urban,70.71,30.1,never smoked,0
19324,Female,51.0,0,0,Yes,Govt_job,Urban,90.67,37.8,Unknown,0
263,Male,75.54012012,0,1,Yes,Private,Rural,9648420583.0,25.37259179,Unknown,1
56979,Male,55.0,0,0,Yes,Private,Rural,61.42,33.3,smokes,0
57494,Female,82.0,1,0,Yes,Self-employed,Urban,107.21,27.0,formerly smoked,1
26594,Female,32.0,0,0,Yes,Private,Urban,92.75,34.5,smokes,0
46797,Female,31.0,0,0,Yes,Private,Rural,75.82,29.1,never smoked,0
29224,Male,30.0,0,0,Yes,Private,Urban,91.23,29.053517067472285,smokes,0
5236,Female,49.0,0,0,Yes,Private,Rural,73.48,33.0,never smoked,0
22590,Male,5.0,0,0,No,children,Urban,83.75,18.1,Unknown,0
29243,Male,68.0,0,0,Yes,Self-employed,Rural,177.29,30.1,never smoked,0
24567,Male,51.0,0,0,Yes,Self-employed,Urban,69.18,35.7,smokes,0
12786,Female,59.0,0,0,Yes,Private,Urban,83.62,34.2,Unknown,0
46721,Female,76.0,0,0,Yes,Private,Rural,224.79,41.2,never smoked,0
43934,Male,52.80973983,0,0,Yes,Private,Urban,8232126952.0,21.61277796,never smoked,1
15020,Female,37.0,0,0,No,Govt_job,Rural,76.21,20.4,Unknown,0
48989,Female,34.0,0,0,No,Govt_job,Rural,120.06,33.0,never smoked,0
28227,Female,27.0,0,0,Yes,Private,Urban,71.5,40.3,smokes,0
70241,Female,22.0,0,0,No,Private,Urban,66.29,20.5,smokes,0
32023,Male,4.0,0,0,No,children,Urban,79.16,20.2,Unknown,0
52034,Male,31.0,0,0,Yes,Private,Urban,71.31,25.8,never smoked,0
15251,Male,14.0,0,0,No,children,Urban,101.87,20.3,never smoked,0
44447,Male,49.0,0,0,Yes,Private,Urban,58.19,29.6,smokes,0
29378,Female,77.0,0,0,Yes,Private,Urban,79.3,26.4,Unknown,0
1924,Male,54.0,0,0,Yes,Private,Rural,74.06,29.053517067472285,never smoked,0
66220,Male,53.0,0,0,Yes,Private,Urban,126.35,25.2,never smoked,0
10584,Male,8.0,0,0,No,children,Urban,88.02,16.4,Unknown,0
72108,Male,8.0,0,0,No,children,Rural,56.3,18.0,Unknown,0
49564,Male,45.0,0,0,Yes,Private,Urban,183.43,21.4,Unknown,0
31544,Female,63.0,1,0,Yes,Private,Urban,74.21,25.8,formerly smoked,0
28952,Male,8.0,0,0,No,children,Rural,86.84,18.3,Unknown,0
60047,Male,22.0,0,0,No,Private,Rural,58.38,36.0,never smoked,0
64980,Female,42.0,0,0,Yes,Govt_job,Urban,65.66,33.7,never smoked,0
3477,Female,26.0,0,0,No,Private,Rural,78.16,20.1,never smoked,0
59847,Female,12.0,0,0,No,children,Rural,114.34,23.6,never smoked,0
21953,Female,33.0,0,0,No,Private,Urban,84.4,29.053517067472285,smokes,0
18927,Female,10.0,0,0,No,children,Urban,93.64,23.4,Unknown,0
68417,Female,19.0,0,0,No,Private,Rural,66.7,24.7,never smoked,0
65351,Male,11.0,0,0,No,children,Urban,141.84,23.3,Unknown,0
7663,Male,20.0,0,0,No,Govt_job,Rural,106.97,27.9,formerly smoked,0
31092,Female,30.0,0,0,Yes,Private,Urban,88.56,45.3,never smoked,0
43397,Male,81.0,0,1,Yes,Self-employed,Rural,68.27,25.0,Unknown,0
65842,Female,67.0,1,0,Yes,Self-employed,Rural,61.94,25.3,smokes,1
41917,Female,29.0,0,0,No,Private,Urban,84.19,21.2,never smoked,0
63423,Male,11.0,0,0,No,children,Rural,68.62,18.2,Unknown,0
62610,Male,32.0,0,0,Yes,Private,Urban,119.9,30.9,smokes,0
27163,Female,60.0,1,0,Yes,Private,Urban,109.0,29.053517067472285,Unknown,0
55337,Female,2.0,0,0,No,children,Rural,126.12,24.8,Unknown,0
60602,Female,49.0,0,0,Yes,Govt_job,Urban,68.68,28.8,never smoked,0
5500,Female,50.0,0,1,Yes,Govt_job,Urban,68.09,35.5,smokes,0
11727,Male,39.0,0,0,Yes,Self-employed,Urban,74.29,29.3,smokes,0
5528,Female,80.0,0,0,Yes,Private,Rural,113.35,27.8,Unknown,0
29314,Female,73.0,1,1,Yes,Govt_job,Urban,67.38,32.8,formerly smoked,0
30084,Male,0.8,0,0,No,children,Rural,98.67,17.5,Unknown,0
69010,Male,78.0,0,0,Yes,Private,Rural,83.2,21.2,formerly smoked,0
32645,Female,44.0,0,0,Yes,Private,Rural,97.59,30.5,smokes,0
55138,Female,81.0,0,0,No,Self-employed,Urban,71.91,19.2,Unknown,0
56339,Female,79.0,0,0,Yes,Self-employed,Rural,65.58,26.1,Unknown,0
7335,Male,80.55083799,1,1,Yes,Private,Urban,1779286280.0,44.80727712,formerly smoked,1
21333,Male,56.0,1,0,Yes,Private,Rural,206.66,21.9,smokes,0
4929,Male,8.0,0,0,No,children,Urban,78.48,16.1,Unknown,0
44647,Male,62.0,0,0,No,Govt_job,Rural,75.07,30.5,never smoked,0
53105,Female,29.0,0,0,Yes,Private,Urban,63.9,45.4,smokes,0
50372,Male,57.0,0,0,Yes,Private,Rural,233.47,35.5,never smoked,0
23968,Female,79.0,0,0,Yes,Govt_job,Rural,90.16,34.4,never smoked,0
63729,Female,19.0,0,0,No,Private,Urban,65.79,28.6,smokes,0
23989,Female,62.0,0,0,Yes,Self-employed,Urban,86.4,32.6,smokes,0
5239,Female,63.79846628,1,0,Yes,Self-employed,Urban,3034989905.0,26.91884107,formerly smoked,1
6269,Male,68.31030071,0,1,Yes,Self-employed,Urban,8681729167.0,27.13002025,Unknown,1
72361,Female,37.0,0,0,Yes,Private,Urban,70.75,35.8,Unknown,0
11238,Male,46.0,0,0,Yes,Private,Rural,92.81,30.8,Unknown,0
45209,Female,14.0,0,0,No,Private,Rural,118.81,24.7,Unknown,0
919,Female,78.0,1,0,Yes,Self-employed,Rural,85.37,24.2,never smoked,1
5661,Female,78.372809,0,1,Yes,Private,Rural,400144454.2,30.0766557,never smoked,1
46653,Female,81.0,1,1,Yes,Private,Rural,59.28,28.1,never smoked,1
18587,Female,76.0,0,0,No,Private,Urban,89.96,29.053517067472285,Unknown,1
37090,Female,70.0,0,0,Yes,Private,Rural,68.34,22.8,formerly smoked,0
36837,Female,61.0,0,0,Yes,Self-employed,Urban,69.88,27.1,never smoked,0
55856,Female,60.0,0,0,Yes,Private,Rural,83.16,29.7,smokes,0
12117,Male,8.0,0,0,No,children,Urban,84.68,14.5,Unknown,0
56793,Female,56.0,1,0,Yes,Private,Rural,217.49,39.8,formerly smoked,0
63884,Female,37.0,0,0,Yes,Private,Rural,162.96,39.4,never smoked,0
55810,Female,61.0,0,0,Yes,Self-employed,Rural,93.48,23.7,Unknown,0
40169,Male,79.07992673,0,1,Yes,Private,Rural,786254388.2,24.19501043,formerly smoked,1
57274,Male,14.0,0,0,No,Never_worked,Urban,137.91,41.8,never smoked,0
11762,Female,76.0,0,0,Yes,Private,Urban,207.28,34.9,Unknown,0
6032,Male,78.0,0,0,Yes,Self-employed,Urban,201.58,30.6,Unknown,0
23599,Female,30.0,0,0,No,Private,Urban,105.08,25.5,never smoked,0
22003,Male,66.0,0,0,Yes,Private,Rural,81.11,28.8,formerly smoked,0
43789,Female,80.0,0,0,Yes,Private,Rural,82.34,32.8,never smoked,0
68407,Male,30.0,0,0,Yes,Govt_job,Urban,95.94,31.1,never smoked,0
40878,Male,71.0,0,0,Yes,Self-employed,Rural,56.43,29.2,formerly smoked,0
64732,Female,29.0,0,0,No,Private,Urban,60.26,20.4,never smoked,0
41032,Male,79.53034981,0,0,Yes,Govt_job,Urban,6651064038.0,23.49866839,formerly smoked,1
27012,Male,32.0,0,0,No,Private,Urban,94.34,30.2,formerly smoked,0
8637,Female,68.78089635,0,1,Yes,Private,Rural,7253105272.0,25.14505244,formerly smoked,1
20237,Male,15.0,0,0,No,Private,Urban,104.9,27.4,never smoked,0
48129,Female,56.0,0,0,Yes,Private,Urban,80.08,25.6,never smoked,0
5678,Female,73.0,1,1,Yes,Self-employed,Urban,113.35,29.1,never smoked,0
4169,Female,37.0,0,0,No,Private,Rural,92.78,54.2,never smoked,0
28895,Female,62.0,0,0,Yes,Private,Urban,93.53,33.3,formerly smoked,0
66071,Male,51.0,1,0,Yes,Private,Urban,112.16,42.5,formerly smoked,0
61152,Male,74.0,0,0,Yes,Private,Urban,71.7,30.1,Unknown,0
19508,Female,26.0,0,0,No,Private,Urban,116.68,18.7,formerly smoked,0
29613,Female,13.0,0,0,No,Private,Rural,73.76,26.7,Unknown,0
36638,Male,64.0,0,0,Yes,Private,Urban,86.05,23.0,Unknown,0
67634,Female,78.0,0,1,Yes,Govt_job,Urban,212.62,26.5,never smoked,1
27596,Female,82.0,1,0,Yes,Private,Urban,115.71,31.1,formerly smoked,0
62238,Female,42.0,0,0,No,Private,Urban,80.24,28.9,never smoked,0
10624,Male,24.0,0,0,Yes,Private,Rural,73.78,21.4,smokes,0
28447,Female,53.0,1,0,Yes,Private,Rural,216.88,31.4,smokes,0
3579,Female,66.0,0,1,Yes,Private,Urban,94.62,29.7,formerly smoked,0
7653,Female,33.0,0,0,No,Private,Urban,83.16,20.2,Unknown,0
12361,Female,68.33957598,0,0,Yes,Private,Urban,8852325384.0,25.02169397,never smoked,1
17683,Male,66.0,0,0,Yes,Self-employed,Urban,96.19,38.3,smokes,0
45048,Female,21.0,0,0,No,Private,Urban,134.45,29.1,never smoked,0
18790,Male,25.0,0,0,No,Private,Urban,85.96,34.5,formerly smoked,0
14563,Male,9.0,0,0,No,children,Urban,83.83,27.1,Unknown,0
63043,Female,27.0,0,0,No,Private,Urban,61.8,26.8,formerly smoked,0
23238,Male,53.0,0,1,Yes,Private,Rural,95.23,35.2,smokes,0
5731,Female,57.0,1,0,Yes,Private,Urban,108.61,38.1,smokes,0
2044,Female,70.0,0,1,Yes,Self-employed,Rural,65.68,29.053517067472285,Unknown,1
7658,Male,66.0,0,0,Yes,Govt_job,Rural,203.44,30.5,formerly smoked,0
53817,Female,71.0,1,0,Yes,Self-employed,Rural,66.12,29.053517067472285,never smoked,0
52017,Male,79.78401862,0,0,Yes,Self-employed,Urban,4609646857.0,33.13122555,formerly smoked,1
59691,Female,56.0,0,0,Yes,Govt_job,Urban,86.07,32.5,Unknown,0
36488,Male,12.0,0,0,No,children,Urban,111.47,32.3,never smoked,0
49465,Female,13.0,0,0,No,children,Urban,70.16,21.2,never smoked,0
54497,Female,61.0,0,0,Yes,Private,Rural,93.97,39.4,Unknown,0
61742,Male,26.0,0,0,No,Private,Urban,103.61,31.4,never smoked,0
22321,Female,44.0,0,0,Yes,Private,Urban,124.06,20.8,never smoked,0
22529,Male,58.0,0,0,Yes,Self-employed,Urban,76.68,34.7,formerly smoked,0
15815,Female,77.19842845,0,0,Yes,Private,Urban,3126527510.0,29.13181511,never smoked,1
33976,Male,55.0,0,0,Yes,Private,Urban,68.79,27.0,never smoked,0
46987,Female,65.0,0,1,Yes,Private,Rural,57.52,29.053517067472285,formerly smoked,1
54072,Female,11.0,0,0,No,children,Urban,81.31,18.8,never smoked,0
37128,Male,34.0,0,0,Yes,Private,Rural,134.61,23.4,never smoked,0
13997,Male,38.0,0,0,Yes,Private,Urban,88.97,30.2,never smoked,0
8045,Female,74.0,1,0,Yes,Private,Urban,70.28,21.8,never smoked,0
25408,Female,24.0,0,0,Yes,Self-employed,Rural,114.54,30.1,smokes,0
2750,Male,73.0,1,1,Yes,Self-employed,Rural,230.68,37.7,Unknown,1
53316,Female,62.0,0,0,Yes,Private,Urban,93.91,29.053517067472285,Unknown,0
52978,Female,30.0,0,0,Yes,Private,Urban,84.92,47.8,never smoked,0
42500,Male,0.24,0,0,No,children,Rural,146.97,18.5,Unknown,0
5505,Female,76.0,0,0,Yes,Private,Urban,196.61,23.0,never smoked,0
26240,Male,76.83689423,0,1,Yes,Private,Rural,2154728447.0,22.99884877,never smoked,1
22052,Female,75.0,1,0,No,Self-employed,Rural,91.85,21.4,formerly smoked,1
143,Female,78.77645873,0,0,Yes,Self-employed,Urban,1751466942.0,29.55081137,never smoked,1
2005,Male,78.0,0,1,Yes,Self-employed,Urban,169.43,23.5,formerly smoked,0
36814,Female,49.0,0,0,Yes,Private,Rural,56.11,28.7,smokes,0
59933,Female,29.0,0,0,No,Private,Rural,108.75,24.1,Unknown,0
38364,Female,70.84207781,1,0,Yes,Self-employed,Urban,3403458331.0,27.77075656,Unknown,1
6928,Male,44.0,0,0,Yes,Private,Rural,119.01,29.5,never smoked,0
36432,Female,77.84048232,1,0,Yes,Private,Urban,7437069690.0,26.2711441,never smoked,1
32563,Male,55.0,0,0,Yes,Govt_job,Urban,92.59,36.6,never smoked,0
8233,Male,72.0,0,1,Yes,Self-employed,Rural,97.53,29.4,smokes,0
1329,Female,43.0,0,0,No,Govt_job,Rural,101.35,32.2,never smoked,0
20751,Female,26.0,0,0,Yes,Private,Rural,75.29,22.6,smokes,0
62783,Female,76.0,0,0,Yes,Private,Urban,198.02,38.7,Unknown,0
354,Female,65.0,0,0,Yes,Private,Urban,72.49,28.9,smokes,0
46527,Male,53.0,1,1,Yes,Govt_job,Rural,109.51,41.9,never smoked,0
27176,Female,69.0,0,0,Yes,Private,Rural,103.73,34.7,never smoked,0
545,Male,42.0,0,0,Yes,Private,Rural,210.48,71.9,never smoked,0
49159,Male,52.0,0,0,Yes,Govt_job,Urban,62.6,23.4,smokes,0
35437,Female,28.0,0,0,Yes,Private,Rural,73.39,30.8,Unknown,0
458,Female,37.0,0,0,Yes,Govt_job,Urban,72.09,24.1,smokes,0
18890,Male,69.0,1,0,Yes,Private,Rural,87.93,33.6,never smoked,0
8480,Female,72.8049299,0,0,No,Private,Rural,9923068541.0,31.68442376,smokes,1
57347,Female,29.0,0,0,No,Govt_job,Rural,57.02,43.0,formerly smoked,0
15939,Male,74.53448279,0,0,Yes,Private,Rural,3592271997.0,27.5539636,smokes,1
37515,Female,46.0,0,0,Yes,Govt_job,Rural,76.43,22.7,Unknown,0
50136,Female,54.0,1,0,Yes,Private,Urban,221.83,35.1,smokes,0
22026,Female,82.0,0,0,No,Self-employed,Urban,119.18,36.9,Unknown,0
20191,Male,57.44253198,0,0,Yes,Private,Urban,3742732851.0,32.95199008,Unknown,1
49773,Female,78.0,0,0,Yes,Private,Urban,203.36,28.7,formerly smoked,0
41362,Female,74.0,0,0,Yes,Self-employed,Rural,72.54,28.4,never smoked,0
20426,Female,78.0,1,0,No,Private,Urban,203.87,45.7,never smoked,1
65888,Male,12.0,0,0,No,children,Rural,117.04,18.1,Unknown,0
49196,Female,27.0,0,0,Yes,Private,Urban,127.28,23.4,Unknown,0
36196,Male,21.0,0,0,No,Private,Rural,88.29,36.6,smokes,0
71808,Female,20.0,0,0,No,Private,Urban,127.18,31.0,Unknown,0
17079,Male,44.0,0,0,Yes,Private,Rural,94.71,28.4,smokes,0
64961,Female,80.0,0,0,Yes,Govt_job,Rural,58.58,36.5,Unknown,0
72435,Female,37.0,0,0,Yes,Private,Urban,217.11,29.1,never smoked,0
187,Female,20.0,0,0,No,Private,Rural,84.07,27.6,smokes,0
64535,Male,77.84591663,0,0,Yes,Self-employed,Rural,7643570444.0,23.0419562,never smoked,1
35155,Female,50.0,0,0,Yes,Self-employed,Urban,69.92,18.7,formerly smoked,0
16066,Female,53.0,1,1,Yes,Private,Urban,196.25,24.9,smokes,0
39936,Female,49.0,0,0,Yes,Private,Rural,61.57,37.9,formerly smoked,0
69355,Male,3.0,0,0,No,children,Rural,86.38,22.8,Unknown,0
4117,Female,56.0,0,0,Yes,Self-employed,Rural,81.77,21.8,never smoked,0
38678,Female,66.0,0,0,Yes,Self-employed,Rural,251.46,35.2,smokes,0
59011,Male,74.40642135,0,1,Yes,Private,Rural,6949773330.0,38.50658108,smokes,1
3531,Male,41.0,0,0,Yes,Private,Rural,83.97,28.5,formerly smoked,0
38987,Male,65.0,0,1,Yes,Self-employed,Urban,58.37,28.0,smokes,0
50499,Female,32.0,0,0,Yes,Private,Rural,71.8,26.5,never smoked,0
50785,Male,17.0,0,0,No,Private,Rural,83.26,32.9,never smoked,0
3718,Female,46.0,0,0,Yes,Govt_job,Urban,111.1,23.3,smokes,0
46438,Female,54.0,0,0,Yes,Self-employed,Urban,79.3,30.6,formerly smoked,0
68275,Male,52.0,0,0,Yes,Private,Urban,247.69,35.1,Unknown,0
1678,Female,54.0,1,0,Yes,Private,Rural,98.74,29.053517067472285,never smoked,0
28848,Male,28.0,0,0,No,Private,Urban,94.26,23.7,Unknown,0
924,Female,60.0,0,0,Yes,Govt_job,Urban,80.86,31.0,smokes,0
47696,Male,44.0,0,0,Yes,Private,Rural,60.32,25.0,never smoked,0
34900,Male,13.0,0,0,No,Never_worked,Urban,85.08,14.6,Unknown,0
52961,Female,56.62243105,0,1,Yes,Private,Rural,8588786484.0,27.05081191,formerly smoked,1
49672,Female,66.0,0,0,Yes,Govt_job,Rural,152.02,44.2,formerly smoked,0
4842,Female,76.0,0,0,No,Self-employed,Urban,77.52,40.9,formerly smoked,0
17155,Male,69.0,0,0,Yes,Private,Urban,94.14,27.1,formerly smoked,0
7871,Female,40.0,0,0,Yes,Private,Urban,86.78,35.5,smokes,0
16723,Female,80.0,1,0,Yes,Self-employed,Rural,78.99,28.4,formerly smoked,1
69673,Female,76.0,0,0,Yes,Govt_job,Urban,96.29,25.4,smokes,0
5317,Female,79.0,0,1,Yes,Private,Urban,214.09,28.2,never smoked,1
31746,Female,62.0,0,0,Yes,Private,Rural,83.85,24.5,never smoked,0
1225,Male,43.0,0,0,Yes,Private,Urban,87.82,38.8,formerly smoked,0
32991,Male,67.0,1,0,Yes,Private,Urban,94.62,27.7,never smoked,0
20129,Male,51.0,0,0,Yes,Private,Rural,78.29,30.8,never smoked,0
20364,Female,4.0,0,0,No,children,Urban,107.25,12.0,Unknown,0
36704,Female,29.0,0,0,Yes,Self-employed,Rural,74.33,29.9,smokes,0
26973,Female,31.0,0,0,Yes,Private,Urban,106.51,40.2,never smoked,0
35648,Female,74.0,0,0,Yes,Self-employed,Rural,95.94,27.0,never smoked,0
19805,Male,60.0,0,0,No,Private,Urban,84.14,32.3,never smoked,0
46141,Female,24.0,0,0,No,Private,Rural,147.74,21.4,Unknown,0
22363,Female,47.0,0,0,Yes,Private,Rural,195.04,45.5,never smoked,0
35512,Female,70.0,0,0,Yes,Self-employed,Rural,76.34,24.4,formerly smoked,0
69638,Male,70.0,0,1,Yes,Private,Rural,227.38,26.3,smokes,1
50541,Male,47.0,0,0,Yes,Govt_job,Urban,73.48,34.9,smokes,0
6973,Male,11.0,0,0,No,children,Rural,87.54,24.4,Unknown,0
10133,Male,46.0,0,0,Yes,Private,Urban,85.35,32.1,smokes,0
27509,Female,76.0,1,0,Yes,Self-employed,Urban,78.68,23.3,never smoked,0
34719,Male,48.0,1,0,No,Private,Urban,110.53,34.2,never smoked,0
21688,Female,42.0,0,0,Yes,Private,Rural,88.31,24.0,smokes,0
21067,Female,45.0,0,0,Yes,Self-employed,Urban,110.1,30.9,never smoked,0
72703,Female,54.0,0,0,Yes,Private,Urban,75.52,28.7,formerly smoked,0
14248,Male,48.0,0,0,No,Govt_job,Urban,84.2,29.7,never smoked,0
15070,Male,76.0,0,1,Yes,Private,Rural,213.8,22.0,never smoked,1
37431,Female,39.0,0,0,Yes,Govt_job,Urban,109.03,24.9,Unknown,0
6672,Male,67.0,0,0,Yes,Private,Urban,92.73,29.053517067472285,never smoked,0
59058,Female,45.0,0,0,Yes,Govt_job,Rural,68.66,25.3,never smoked,0
58153,Female,18.0,0,0,No,Private,Urban,123.66,22.2,never smoked,0
46210,Female,65.0,0,0,Yes,Self-employed,Rural,105.29,25.1,formerly smoked,0
6537,Female,53.0,0,0,Yes,Self-employed,Urban,84.85,24.7,never smoked,0
52439,Male,68.0,0,1,Yes,Private,Rural,96.14,26.7,never smoked,0
8041,Female,11.0,0,0,No,children,Rural,93.51,20.8,Unknown,0
46093,Female,28.0,0,0,Yes,Private,Rural,56.47,22.7,never smoked,0
15539,Female,41.0,0,0,Yes,Private,Rural,97.41,25.5,never smoked,0
69483,Female,48.0,0,0,Yes,Govt_job,Urban,63.15,29.053517067472285,formerly smoked,0
15104,Female,26.0,0,0,Yes,Private,Rural,88.79,24.9,never smoked,0
16868,Female,51.0,0,0,Yes,Private,Rural,83.3,34.0,formerly smoked,0
71304,Male,5.0,0,0,No,children,Urban,101.83,22.7,Unknown,0
40390,Female,12.0,0,0,No,children,Rural,150.03,28.2,never smoked,0
44142,Male,25.0,0,0,No,Private,Rural,95.01,28.0,never smoked,0
70674,Male,60.0,0,0,Yes,Self-employed,Urban,69.53,26.2,never smoked,0
5774,Male,59.0,0,0,Yes,Private,Urban,223.16,29.053517067472285,Unknown,0
47159,Male,68.0,0,0,Yes,Private,Urban,155.17,35.5,never smoked,0
17098,Female,12.0,0,0,No,children,Urban,116.06,25.9,Unknown,0
16402,Female,5.0,0,0,No,children,Urban,93.07,19.1,Unknown,0
25904,Female,76.0,1,1,Yes,Self-employed,Urban,199.86,29.053517067472285,smokes,0
35999,Female,52.0,0,0,Yes,Private,Urban,86.85,23.8,formerly smoked,0
2424,Male,60.0,0,0,Yes,Private,Urban,80.67,33.5,Unknown,0
29599,Female,74.0,1,0,No,Govt_job,Urban,91.05,32.7,never smoked,0
5106,Female,75.97379584,0,0,Yes,Self-employed,Rural,3410814025.0,19.32090769,never smoked,1
25613,Female,27.0,0,0,Yes,Private,Urban,70.56,28.6,smokes,0
2578,Male,16.0,0,0,No,Govt_job,Rural,78.48,22.6,never smoked,0
65481,Male,57.0,0,0,Yes,Private,Urban,90.4,26.5,never smoked,0
40242,Male,5.0,0,0,No,children,Rural,104.55,16.3,Unknown,0
13276,Female,38.0,0,0,Yes,Private,Urban,71.06,22.6,Unknown,0
39977,Female,22.0,0,0,No,Private,Urban,87.4,34.8,never smoked,0
54065,Female,45.0,0,0,Yes,Private,Urban,91.04,21.1,never smoked,0
58692,Male,82.0,0,0,Yes,Private,Rural,108.7,22.5,never smoked,1
64416,Female,52.0,0,0,Yes,Govt_job,Rural,62.66,37.9,Unknown,0
50476,Male,70.0,1,0,Yes,Self-employed,Urban,129.83,31.1,formerly smoked,0
21058,Female,15.0,0,0,No,children,Rural,114.53,29.1,Unknown,0
47701,Male,8.0,0,0,No,children,Urban,104.51,20.6,Unknown,0
49495,Female,18.0,0,0,No,Private,Rural,168.15,48.5,never smoked,0
66677,Male,78.0,0,0,Yes,Private,Rural,80.09,21.8,never smoked,0
19436,Male,56.0,0,0,Yes,Private,Rural,82.4,30.9,smokes,0
15746,Female,45.0,0,0,Yes,Govt_job,Urban,79.47,28.1,never smoked,0
29514,Female,43.0,0,0,Yes,Private,Rural,97.55,28.3,formerly smoked,0
43872,Female,78.0,0,0,Yes,Private,Rural,56.34,27.5,Unknown,0
14265,Male,79.11932853,1,0,No,Private,Rural,1540190010.0,24.99463088,never smoked,1
33849,Male,81.19319834,0,0,Yes,Self-employed,Urban,5462721822.0,28.24423121,formerly smoked,1
3031,Male,71.97399743,0,0,Yes,Private,Rural,6269878516.0,31.80644256,formerly smoked,1
44786,Female,78.96315059,0,0,Yes,Private,Rural,1070541988.0,24.8603562,never smoked,1
71444,Female,53.0,0,0,Yes,Private,Rural,97.89,38.7,formerly smoked,0
40137,Female,56.0,0,0,Yes,Self-employed,Rural,110.92,25.9,Unknown,0
6107,Female,5.0,0,0,No,children,Urban,77.88,13.8,Unknown,0
59807,Female,30.0,0,0,Yes,Private,Urban,59.82,25.4,never smoked,0
45285,Male,37.0,0,0,Yes,Private,Urban,176.42,39.7,Unknown,0
49949,Male,44.0,0,0,Yes,Private,Urban,58.47,24.4,never smoked,0
72340,Male,21.0,0,0,No,Private,Urban,120.94,29.7,formerly smoked,0
26117,Female,79.08851371,0,0,Yes,Self-employed,Rural,3063925607.0,30.05072155,never smoked,1
21346,Female,12.0,0,0,No,children,Rural,70.13,17.8,Unknown,0
66972,Female,52.0,0,0,Yes,Govt_job,Urban,80.88,23.8,smokes,0
53954,Male,17.0,0,0,No,Private,Rural,69.45,27.6,Unknown,0
50644,Male,37.0,0,0,Yes,Private,Urban,64.07,28.0,Unknown,0
72366,Male,76.0,0,0,Yes,Private,Urban,104.47,20.3,Unknown,0
58568,Female,58.0,0,0,Yes,Private,Rural,127.32,33.1,smokes,0
32726,Female,41.0,0,0,No,Private,Urban,76.08,25.1,never smoked,0
2868,Female,54.0,0,0,Yes,Govt_job,Rural,102.61,32.4,Unknown,0
7233,Male,15.0,0,0,No,children,Rural,74.83,17.4,Unknown,0
27458,Female,60.0,0,0,No,Private,Urban,89.22,37.8,never smoked,0
46670,Female,75.0,1,0,Yes,Self-employed,Rural,197.06,26.1,never smoked,1
7384,Male,55.0,0,0,No,Self-employed,Rural,79.02,38.0,Unknown,0
18866,Female,75.0,0,0,Yes,Self-employed,Urban,96.95,41.4,never smoked,0
32560,Female,8.0,0,0,No,children,Rural,87.92,14.1,Unknown,0
1116,Female,49.0,0,0,No,Govt_job,Rural,104.08,26.6,never smoked,0
67620,Male,30.0,0,0,Yes,Govt_job,Rural,66.01,26.3,smokes,0
64895,Male,54.0,1,0,Yes,Self-employed,Rural,104.42,37.6,smokes,0
22896,Female,54.0,0,0,Yes,Private,Rural,109.27,43.8,formerly smoked,0
12594,Female,28.0,0,0,Yes,Private,Rural,105.9,28.6,smokes,0
41146,Male,41.0,0,0,Yes,Private,Rural,113.65,49.3,never smoked,0
20112,Male,79.0,0,1,Yes,Private,Urban,213.38,29.053517067472285,Unknown,1
2633,Male,32.0,0,0,Yes,Private,Rural,71.5,31.8,never smoked,0
4743,Female,78.14630999,1,0,Yes,Private,Rural,8682399097.0,31.18080684,never smoked,1
47501,Female,57.0,0,0,Yes,Private,Urban,59.85,41.5,never smoked,0
70670,Female,27.0,0,0,Yes,Private,Rural,57.96,64.4,never smoked,0
34806,Female,53.0,0,0,Yes,Private,Urban,76.98,29.053517067472285,smokes,0
22352,Female,39.0,0,0,Yes,Self-employed,Urban,87.79,40.0,formerly smoked,0
3590,Female,28.0,1,0,No,Private,Rural,80.4,57.5,never smoked,0
68330,Female,69.0,0,0,Yes,Self-employed,Rural,110.96,25.9,never smoked,0
46468,Female,38.0,0,0,Yes,Self-employed,Urban,147.48,40.5,Unknown,0
59642,Female,45.0,0,0,Yes,Private,Urban,107.29,29.6,never smoked,0
45372,Male,68.0,0,0,Yes,Self-employed,Rural,76.09,26.0,smokes,0
48146,Male,70.0,0,1,Yes,Private,Rural,93.02,40.2,formerly smoked,0
36533,Female,65.38945088,0,1,Yes,Self-employed,Urban,6287108114.0,30.96366698,never smoked,1
36811,Female,23.0,0,0,No,Private,Urban,94.09,30.9,never smoked,0
7817,Female,55.29998855,0,0,Yes,Private,Rural,476079623.8,37.18868246,smokes,1
47622,Male,78.0,0,1,Yes,Self-employed,Urban,228.7,34.0,Unknown,1
61475,Female,51.0,1,0,Yes,Private,Rural,85.84,31.8,never smoked,0
65376,Female,65.0,0,0,Yes,Self-employed,Urban,95.44,25.5,smokes,0
36596,Male,76.032667,0,0,Yes,Self-employed,Rural,1118194444.0,31.22914809,formerly smoked,1
19352,Female,57.0,0,0,Yes,Private,Urban,95.4,19.5,Unknown,0
11392,Male,75.0,0,0,Yes,Private,Rural,70.73,26.7,smokes,0
31708,Female,13.0,0,0,No,children,Urban,84.03,25.3,Unknown,0
40393,Female,32.0,0,0,No,Private,Urban,68.19,21.1,never smoked,0
56735,Female,78.0,0,0,Yes,Self-employed,Rural,115.43,27.8,never smoked,0
45280,Female,62.0,0,0,Yes,Private,Urban,114.59,30.9,never smoked,0
72398,Female,73.0,1,0,Yes,Private,Urban,110.38,26.3,never smoked,0
6422,Female,48.0,0,0,Yes,Self-employed,Urban,108.51,33.3,Unknown,0
16377,Male,69.0,0,0,Yes,Private,Urban,89.06,34.8,formerly smoked,0
44503,Female,25.0,0,0,No,Private,Rural,65.95,35.0,never smoked,0
5496,Female,45.0,0,0,Yes,Private,Urban,202.66,29.053517067472285,never smoked,0
38605,Female,36.0,0,0,Yes,Private,Rural,101.93,22.8,smokes,0
1696,Female,43.0,0,0,Yes,Private,Urban,100.88,47.6,smokes,0
60158,Female,28.0,0,0,No,Private,Rural,96.86,29.0,Unknown,0
2849,Male,32.0,0,0,Yes,Private,Urban,93.52,31.9,Unknown,0
46474,Male,26.0,0,0,Yes,Private,Rural,100.09,27.4,never smoked,0
5286,Female,40.0,0,0,Yes,Govt_job,Urban,176.38,35.7,never smoked,0
37937,Female,75.0,0,1,No,Self-employed,Urban,109.78,29.053517067472285,Unknown,0
39533,Male,82.0,0,0,Yes,Self-employed,Urban,81.68,28.9,formerly smoked,0
16371,Female,13.0,0,0,No,children,Urban,75.42,40.1,Unknown,0
11208,Female,2.0,0,0,No,children,Rural,70.25,17.0,Unknown,0
9939,Female,73.98684919,1,0,Yes,Self-employed,Rural,3215652913.0,31.42749581,never smoked,1
36793,Female,38.0,1,0,Yes,Private,Rural,60.13,39.6,never smoked,0
28150,Female,65.0,1,0,Yes,Private,Urban,180.76,26.9,Unknown,0
39706,Male,41.0,0,0,Yes,Self-employed,Rural,62.93,26.1,smokes,0
61477,Female,25.0,0,0,No,Private,Urban,68.07,18.6,smokes,0
22467,Male,72.18714726,0,0,Yes,Private,Rural,8536052145.0,36.2998325,formerly smoked,1
57288,Female,78.0,0,0,Yes,Private,Rural,99.84,36.6,never smoked,0
65892,Female,58.0,0,0,Yes,Self-employed,Urban,66.71,51.7,never smoked,0
63395,Male,67.0,0,0,Yes,Private,Urban,199.59,29.053517067472285,formerly smoked,0
60044,Female,72.12807876,1,0,Yes,Private,Urban,4116917533.0,40.77013128,never smoked,1
16556,Male,13.0,0,0,No,Never_worked,Rural,111.48,20.8,Unknown,0
21713,Male,49.0,0,0,Yes,Private,Urban,102.91,24.7,Unknown,0
66184,Male,40.0,0,0,Yes,Govt_job,Rural,100.26,26.0,Unknown,0
31686,Male,60.0,0,0,Yes,Private,Urban,88.57,44.6,Unknown,0
17725,Female,10.0,0,0,No,children,Rural,93.29,20.6,Unknown,0
35296,Female,58.0,0,0,Yes,Private,Rural,100.42,39.5,smokes,0
36204,Male,15.0,0,0,No,children,Rural,62.57,32.3,never smoked,0
16809,Male,41.0,0,0,Yes,Private,Urban,111.71,38.9,formerly smoked,0
19092,Female,64.88941495,0,0,Yes,Self-employed,Rural,3652851156.0,37.42921319,never smoked,1
31600,Female,33.0,0,0,No,Private,Rural,106.08,32.5,formerly smoked,0
25102,Female,51.0,0,0,Yes,Govt_job,Urban,95.16,42.7,formerly smoked,0
72215,Female,66.0,0,0,Yes,Self-employed,Rural,212.92,21.4,never smoked,0
2314,Male,52.0,0,0,Yes,Private,Urban,226.7,29.053517067472285,smokes,0
68908,Female,0.72,0,0,No,children,Urban,66.36,23.0,Unknown,0
25510,Male,82.0,0,0,Yes,Self-employed,Urban,111.81,19.8,formerly smoked,0
59671,Female,39.0,0,0,No,Private,Rural,85.59,33.2,Unknown,0
36728,Male,74.0,0,0,Yes,Private,Urban,79.44,32.8,never smoked,0
13049,Female,50.0,0,0,Yes,Private,Rural,114.05,32.5,never smoked,0
42821,Female,13.0,0,0,No,Private,Rural,60.69,24.0,smokes,0
38067,Female,22.0,0,0,No,Private,Urban,139.48,28.6,formerly smoked,0
70823,Female,10.0,0,0,No,children,Urban,57.28,15.4,never smoked,0
31308,Female,49.0,0,0,Yes,Private,Urban,114.5,35.9,formerly smoked,0
42902,Male,35.0,0,0,Yes,Private,Rural,102.34,34.3,never smoked,0
18181,Male,44.0,0,0,Yes,Private,Rural,105.49,31.5,smokes,0
31887,Female,30.0,0,0,Yes,Private,Urban,101.98,23.2,Unknown,0
42251,Male,71.0,1,1,Yes,Self-employed,Rural,67.06,26.7,smokes,1
31563,Female,38.0,0,0,Yes,Private,Rural,101.45,29.053517067472285,formerly smoked,0
60810,Male,46.0,0,0,Yes,Self-employed,Urban,55.83,26.4,never smoked,0
3253,Male,61.0,0,1,Yes,Private,Rural,111.81,27.3,smokes,0
42709,Male,1.72,0,0,No,children,Urban,77.28,17.1,Unknown,0
53976,Female,37.0,0,0,No,Private,Rural,78.79,25.1,Unknown,0
4833,Female,12.0,0,0,No,children,Rural,207.45,25.4,smokes,0
51314,Female,78.0,0,0,Yes,Private,Urban,106.74,33.0,formerly smoked,0
32152,Male,73.31454583,1,0,Yes,Private,Rural,4775907316.0,31.60587701,smokes,1
53219,Male,47.0,0,0,Yes,Private,Urban,63.98,26.8,smokes,0
6605,Male,52.0,1,0,Yes,Govt_job,Urban,235.06,39.9,formerly smoked,0
70852,Male,80.0,0,0,Yes,Private,Rural,56.99,26.7,never smoked,0
30668,Male,58.0,0,0,Yes,Private,Rural,110.41,36.7,formerly smoked,0
10396,Male,79.0,1,0,No,Private,Urban,96.52,21.7,Unknown,1
1307,Female,61.0,1,0,Yes,Private,Rural,170.05,60.2,smokes,0
30567,Male,71.0,1,0,Yes,Private,Urban,94.65,25.3,formerly smoked,0
52457,Female,58.0,0,1,Yes,Private,Rural,144.16,26.0,smokes,0
17869,Female,53.0,0,0,Yes,Private,Urban,94.78,30.1,Unknown,0
41536,Female,33.0,0,0,Yes,Govt_job,Rural,57.92,22.3,Unknown,0
70058,Female,62.0,1,0,Yes,Self-employed,Urban,103.69,35.2,smokes,0
25811,Female,61.0,0,0,Yes,Private,Urban,98.35,26.6,never smoked,0
11970,Female,75.0,0,0,Yes,Private,Rural,92.84,24.6,formerly smoked,0
61017,Female,12.0,0,0,No,children,Urban,126.32,21.6,Unknown,0
57612,Male,62.0,0,0,Yes,Private,Urban,81.64,38.2,never smoked,0
64335,Male,60.0,0,0,Yes,Private,Rural,194.11,29.053517067472285,formerly smoked,0
72696,Female,53.0,0,0,Yes,Private,Urban,70.51,54.1,never smoked,0
36548,Male,31.0,0,0,Yes,Govt_job,Urban,65.7,30.4,formerly smoked,0
56195,Male,37.0,0,0,Yes,Govt_job,Urban,156.69,35.2,never smoked,0
3980,Female,27.0,0,0,No,Private,Rural,80.22,21.6,never smoked,0
1385,Female,54.0,1,0,Yes,Private,Urban,72.93,35.7,never smoked,0
11327,Female,82.0,0,0,Yes,Self-employed,Urban,79.96,27.0,formerly smoked,0
38858,Male,2.0,0,0,No,children,Rural,65.67,16.6,Unknown,0
71496,Female,55.0,0,0,Yes,Private,Urban,71.02,21.2,never smoked,0
5595,Female,80.56474819,1,0,Yes,Self-employed,Rural,7490917682.0,21.69210658,never smoked,1
38805,Female,37.0,0,0,Yes,Private,Rural,75.18,48.2,formerly smoked,0
12259,Male,50.0,0,0,Yes,Private,Urban,77.82,26.7,formerly smoked,0
59988,Female,26.0,1,0,Yes,Private,Urban,107.59,33.1,smokes,0
54620,Male,40.0,0,0,Yes,Private,Urban,78.11,35.3,never smoked,0
23890,Female,44.0,1,0,Yes,Govt_job,Rural,105.77,36.8,never smoked,0
16523,Female,8.0,0,0,No,Private,Urban,110.89,17.6,Unknown,0
6472,Female,78.0,0,0,Yes,Govt_job,Urban,101.76,29.053517067472285,smokes,0
20980,Male,67.0,0,0,Yes,Private,Urban,190.7,36.0,formerly smoked,0
55885,Male,19.0,0,0,No,Private,Urban,119.58,24.8,Unknown,0
6886,Male,19.0,0,0,No,Private,Rural,84.31,31.8,never smoked,0
30692,Male,73.0,0,0,Yes,Private,Rural,82.13,28.5,never smoked,0
68347,Male,80.0,0,1,Yes,Self-employed,Urban,111.03,24.2,Unknown,0
34045,Female,8.0,0,0,No,children,Urban,87.15,16.1,Unknown,0
31857,Female,77.0,0,0,Yes,Self-employed,Rural,104.23,23.8,smokes,0
31998,Female,63.0,0,0,Yes,Govt_job,Rural,206.72,29.053517067472285,Unknown,0
5392,Male,69.0,0,0,Yes,Self-employed,Rural,97.36,28.0,Unknown,0
21653,Male,8.0,0,0,No,children,Rural,104.3,18.5,Unknown,0
37289,Female,63.0,0,0,Yes,Self-employed,Rural,203.87,26.4,never smoked,0
70886,Female,7.0,0,0,No,children,Rural,114.82,33.3,Unknown,0
5875,Female,37.0,0,0,Yes,Private,Urban,103.66,36.1,smokes,0
41501,Female,47.0,0,0,Yes,Govt_job,Urban,122.32,23.9,Unknown,0
35376,Male,74.93084105,0,1,Yes,Private,Urban,2259625973.0,22.69736882,formerly smoked,1
34184,Female,2.0,0,0,No,children,Rural,76.52,14.8,Unknown,0
17623,Male,41.0,0,0,No,Self-employed,Urban,87.44,33.5,Unknown,0
11891,Male,18.0,0,0,No,Govt_job,Urban,106.54,27.0,never smoked,0
16980,Female,61.0,0,0,No,Private,Rural,69.91,37.1,never smoked,0
46864,Male,54.0,0,1,Yes,Govt_job,Urban,222.46,35.7,never smoked,0
70122,Female,29.0,0,0,Yes,Private,Rural,72.52,33.9,never smoked,0
15993,Male,71.88791826,0,1,Yes,Private,Rural,6143975850.0,38.51191232,never smoked,1
45915,Female,40.0,0,0,No,Private,Rural,63.45,32.7,formerly smoked,0
8816,Male,60.0,0,0,Yes,Private,Urban,74.08,35.9,Unknown,0
51761,Female,77.52870884,0,1,Yes,Self-employed,Rural,4688916307.0,41.85817874,formerly smoked,1
38782,Female,61.86928647,0,0,Yes,Private,Urban,4298068212.0,36.41755187,smokes,1
19773,Female,52.0,0,0,Yes,Private,Rural,96.59,26.4,never smoked,0
17437,Female,63.0,0,0,Yes,Self-employed,Rural,85.6,25.9,Unknown,0
22004,Female,56.0,1,0,No,Private,Urban,101.62,27.5,never smoked,0
28382,Male,21.0,0,0,No,Private,Urban,73.81,19.8,Unknown,0
1737,Female,16.0,0,0,No,Private,Rural,86.53,42.2,never smoked,0
41911,Female,21.0,0,0,Yes,Private,Rural,149.9,23.4,Unknown,0
22159,Female,54.0,1,0,No,Private,Urban,97.06,28.5,formerly smoked,0
6090,Male,19.0,0,0,Yes,Private,Urban,99.14,28.1,never smoked,0
50775,Male,46.0,0,0,No,Private,Urban,124.61,37.4,Unknown,0
55220,Male,53.0,0,0,Yes,Private,Urban,76.03,27.3,never smoked,0
7071,Male,78.51341431,0,0,Yes,Self-employed,Urban,2181479566.0,28.71997639,formerly smoked,1
56245,Female,21.0,0,0,No,Private,Urban,112.07,28.2,never smoked,0
8530,Male,50.46802465,0,0,Yes,Private,Urban,701690180.5,35.42154068,smokes,1
51422,Female,70.0,1,0,Yes,Private,Rural,113.64,25.6,formerly smoked,0
34971,Female,67.64281607,1,1,Yes,Private,Urban,4368863814.0,35.39184263,formerly smoked,1
28418,Female,41.0,0,0,Yes,Private,Rural,107.18,22.8,never smoked,0
56001,Male,57.0,0,0,Yes,Private,Rural,82.08,24.7,Unknown,0
10445,Male,54.0,0,0,Yes,Govt_job,Rural,81.78,27.3,Unknown,0
12092,Male,16.0,0,0,No,Private,Rural,90.39,26.5,never smoked,0
49916,Male,76.0,0,0,Yes,Private,Rural,110.99,29.8,formerly smoked,0
48211,Female,61.0,1,1,Yes,Private,Urban,251.99,41.4,formerly smoked,0
36162,Male,39.0,1,0,Yes,Private,Rural,111.24,38.8,never smoked,0
23543,Female,25.0,0,0,No,Private,Rural,81.54,43.1,Unknown,0
30793,Female,81.07356451,0,0,Yes,Private,Urban,2749690641.0,28.62425902,never smoked,1
33410,Female,39.0,0,0,No,Govt_job,Urban,79.44,22.7,never smoked,0
15266,Female,32.0,0,0,Yes,Private,Rural,77.67,32.3,smokes,0
6118,Male,59.0,0,0,Yes,Private,Urban,86.23,30.0,formerly smoked,0
15533,Male,46.0,0,0,No,Private,Urban,107.59,26.2,formerly smoked,0
40104,Female,65.0,0,1,Yes,Self-employed,Urban,141.07,29.053517067472285,formerly smoked,0
8096,Female,49.0,0,0,Yes,Private,Urban,101.02,24.2,smokes,0
37553,Male,58.0,0,0,Yes,Private,Urban,127.4,35.8,formerly smoked,0
44472,Male,32.0,0,0,Yes,Self-employed,Urban,160.64,20.4,smokes,0
7892,Male,78.0,0,0,Yes,Private,Urban,74.7,28.8,formerly smoked,0
13062,Male,18.0,0,0,No,Private,Rural,123.79,20.5,Unknown,0
24585,Male,40.0,0,0,Yes,Govt_job,Urban,115.07,36.9,never smoked,0
17308,Female,72.0,1,0,Yes,Private,Urban,221.79,30.0,never smoked,0
6968,Male,2.0,0,0,No,children,Rural,111.32,18.2,Unknown,0
12753,Male,53.0,0,0,Yes,Private,Urban,86.25,29.3,never smoked,0
61641,Male,14.0,0,0,No,children,Rural,149.42,20.6,Unknown,0
53399,Male,74.0,0,0,Yes,Private,Rural,65.28,28.2,never smoked,0
355,Male,8.0,0,0,No,children,Rural,96.43,25.7,Unknown,0
7433,Female,74.0,1,0,Yes,Self-employed,Rural,114.49,25.3,never smoked,0
46035,Male,1.0,0,0,No,children,Urban,84.85,20.3,Unknown,0
25095,Male,44.0,0,0,Yes,Govt_job,Urban,94.76,26.0,formerly smoked,0
71622,Female,56.0,0,0,Yes,Private,Urban,144.33,29.2,never smoked,0
71396,Male,3.0,0,0,No,children,Urban,105.34,15.5,Unknown,0
65688,Male,2.0,0,1,No,children,Urban,62.89,29.4,Unknown,0
63624,Female,63.39143669,1,0,Yes,Private,Rural,5473680803.0,38.15274024,never smoked,1
4424,Female,81.0,1,0,Yes,Self-employed,Rural,93.76,29.053517067472285,formerly smoked,1
63019,Male,51.0,1,1,Yes,Private,Urban,193.62,48.7,formerly smoked,0
4631,Male,29.0,0,0,Yes,Private,Urban,70.51,24.5,Unknown,0
22136,Male,78.0,1,1,No,Self-employed,Urban,92.9,30.4,smokes,1
37299,Male,57.0,0,0,Yes,Private,Urban,107.49,29.5,never smoked,0
45754,Female,20.0,0,0,No,Private,Urban,75.94,28.3,never smoked,0
34396,Female,52.0,1,0,Yes,Private,Urban,94.98,23.8,never smoked,0
71279,Female,71.0,0,0,Yes,Govt_job,Urban,263.32,38.7,never smoked,0
55927,Female,80.0,1,0,Yes,Private,Rural,74.9,22.2,never smoked,1
4622,Female,54.0,1,0,Yes,Private,Urban,101.63,32.6,never smoked,0
5304,Female,79.09571083,0,0,Yes,Self-employed,Rural,7250710399.0,28.91746017,formerly smoked,1
42807,Male,51.0,0,0,Yes,Govt_job,Urban,220.49,43.1,Unknown,0
35846,Female,43.0,1,0,No,Self-employed,Rural,217.3,27.5,never smoked,0
3942,Male,72.0,0,1,Yes,Private,Urban,234.27,26.9,never smoked,1
72911,Female,57.0,1,0,Yes,Private,Rural,129.54,60.9,smokes,0
57533,Male,61.0,1,0,Yes,Private,Urban,102.53,28.3,formerly smoked,0
39849,Male,39.0,1,0,No,Private,Urban,80.99,39.8,Unknown,0
63303,Male,28.0,0,0,No,Private,Urban,75.5,27.0,smokes,0
30402,Male,41.0,0,0,Yes,Private,Urban,104.34,30.3,Unknown,0
68995,Female,48.0,1,0,No,Private,Rural,118.14,29.053517067472285,formerly smoked,0
18187,Male,58.0,0,0,Yes,Private,Rural,96.01,33.8,Unknown,0
60963,Female,54.0,0,0,Yes,Private,Rural,151.33,30.9,formerly smoked,0
24108,Male,19.0,0,0,No,Private,Urban,65.61,25.1,Unknown,0
8899,Male,49.0,0,0,No,Private,Rural,104.86,31.9,smokes,0
39250,Male,31.0,0,0,Yes,Private,Urban,85.16,30.1,smokes,0
72940,Female,2.0,0,0,No,children,Urban,102.92,17.6,Unknown,0
10245,Female,54.0,0,0,Yes,Self-employed,Rural,77.52,35.8,never smoked,0
11962,Male,36.0,0,0,Yes,Private,Urban,89.33,30.7,never smoked,0
51937,Female,70.0,1,0,Yes,Self-employed,Urban,63.74,26.2,formerly smoked,0
55315,Male,63.0,0,0,Yes,Private,Rural,77.82,30.3,Unknown,0
30961,Male,45.0,0,0,Yes,Private,Rural,95.62,29.5,smokes,0
1301,Female,74.0,0,0,No,Self-employed,Urban,204.77,40.8,never smoked,0
33999,Male,65.0,0,1,Yes,Private,Rural,78.12,22.0,formerly smoked,0
57609,Male,1.64,0,0,No,children,Urban,170.88,20.8,Unknown,0
69643,Male,81.0,0,0,Yes,Private,Rural,59.93,28.9,formerly smoked,1
1022,Female,78.20715917,0,0,Yes,Self-employed,Rural,4574879245.0,27.95306129,never smoked,1
41208,Male,68.19519696,0,1,Yes,Private,Rural,2693402737.0,32.30606332,formerly smoked,1
13768,Female,38.0,0,0,Yes,Private,Urban,77.2,23.4,Unknown,0
2895,Female,79.0,0,0,Yes,Self-employed,Urban,188.09,33.1,never smoked,0
66815,Female,73.0,0,0,Yes,Self-employed,Rural,80.56,31.5,never smoked,0
42806,Female,60.0,1,0,Yes,Private,Rural,200.66,36.3,smokes,0
45497,Female,55.0,0,0,No,Private,Rural,83.09,18.8,never smoked,0
17218,Male,82.0,0,0,Yes,Private,Rural,111.28,26.0,Unknown,0
44259,Female,74.0,0,0,Yes,Private,Urban,130.37,26.3,Unknown,0
53302,Female,24.0,0,0,Yes,Private,Rural,130.0,25.9,formerly smoked,0
66204,Male,59.0,0,0,Yes,Private,Urban,111.04,32.0,formerly smoked,0
22540,Female,65.0,0,0,Yes,Govt_job,Urban,84.84,39.4,Unknown,0
66431,Male,49.0,0,0,Yes,Private,Urban,209.06,43.8,Unknown,0
37993,Female,36.0,0,0,Yes,Govt_job,Urban,66.47,26.9,never smoked,0
36858,Female,40.0,0,0,Yes,Private,Rural,72.76,24.0,formerly smoked,0
768,Female,74.0,0,0,Yes,Self-employed,Urban,68.18,27.3,formerly smoked,0
56831,Female,55.0,0,0,Yes,Private,Urban,55.34,27.1,smokes,0
38131,Female,59.0,0,0,Yes,Self-employed,Rural,55.46,20.9,never smoked,0
9612,Male,6.0,0,0,No,children,Urban,70.78,20.3,Unknown,0
65673,Female,55.0,0,0,No,Self-employed,Rural,67.1,31.4,never smoked,0
6965,Female,19.0,0,0,No,Private,Rural,96.02,21.9,never smoked,0
26125,Male,80.28455836,0,1,Yes,Private,Rural,9850310590.0,23.92962685,smokes,1
71994,Female,69.20965492,1,1,Yes,Private,Rural,7432142827.0,36.46693819,never smoked,1
15581,Male,5.0,0,0,No,children,Urban,101.87,19.3,Unknown,0
8951,Female,77.0,1,0,Yes,Self-employed,Urban,71.7,32.8,never smoked,0
7745,Female,35.0,0,0,Yes,Private,Urban,109.03,19.5,formerly smoked,0
62629,Male,37.0,1,0,Yes,Private,Urban,165.99,32.3,never smoked,0
40116,Male,61.0,0,0,Yes,Private,Rural,132.53,29.3,formerly smoked,0
22470,Male,61.0,0,0,Yes,Govt_job,Urban,184.15,29.053517067472285,Unknown,0
57798,Male,12.0,0,0,No,children,Rural,127.25,28.2,Unknown,0
41049,Female,30.0,0,0,Yes,Private,Rural,124.37,21.4,never smoked,0
43772,Female,28.0,0,0,No,Private,Urban,103.78,23.6,Unknown,0
1656,Male,38.0,0,0,Yes,Private,Urban,92.22,40.8,never smoked,0
71719,Male,66.0,0,0,Yes,Govt_job,Rural,57.17,25.5,formerly smoked,0
23171,Male,66.0,0,0,Yes,Private,Rural,88.83,29.1,Unknown,0
61973,Female,80.0,1,1,Yes,Private,Rural,115.52,34.4,Unknown,1
71440,Female,26.0,0,0,Yes,Private,Urban,90.66,27.2,Unknown,0
37089,Female,37.0,1,0,Yes,Self-employed,Rural,127.71,36.0,never smoked,0
52370,Male,81.86674986,0,0,Yes,Self-employed,Urban,6627842432.0,29.26491952,never smoked,1
57854,Male,1.64,0,0,No,children,Urban,56.3,19.7,Unknown,0
35315,Male,65.0,0,0,Yes,Self-employed,Urban,95.88,28.5,never smoked,0
7885,Female,23.0,0,0,No,Private,Rural,92.26,17.1,Unknown,0
4498,Male,71.0,0,1,Yes,Private,Urban,204.98,29.053517067472285,formerly smoked,1
16617,Female,63.0,1,0,Yes,Govt_job,Urban,192.5,29.0,never smoked,0
4712,Female,81.0,0,1,Yes,Self-employed,Rural,78.7,19.4,Unknown,0
15742,Female,3.0,0,0,No,children,Rural,75.41,21.9,Unknown,0
15310,Female,45.0,0,0,Yes,Private,Urban,110.47,24.7,smokes,0
10762,Female,41.0,0,0,Yes,Private,Rural,79.85,45.0,Unknown,0
38165,Female,81.0,0,0,No,Private,Rural,69.01,32.6,never smoked,0
7700,Female,52.0,0,0,Yes,Private,Urban,106.54,22.4,never smoked,0
6802,Female,37.0,0,0,Yes,Private,Urban,74.51,29.5,Unknown,0
41521,Female,77.0,1,0,Yes,Private,Rural,104.6,25.4,never smoked,0
26506,Male,73.4382036,1,0,Yes,Private,Rural,8049171088.0,38.92695478,never smoked,1
29173,Male,52.0,0,0,Yes,Govt_job,Urban,67.5,27.7,smokes,0
49894,Female,78.0,1,1,Yes,Private,Rural,206.53,29.053517067472285,never smoked,1
67824,Male,76.09225431,0,0,Yes,Private,Rural,5059828946.0,24.35838906,formerly smoked,1
58202,Female,50.0,1,0,Yes,Self-employed,Rural,167.41,30.9,never smoked,0
20425,Male,43.0,0,0,Yes,Self-employed,Rural,99.15,30.5,formerly smoked,0
21577,Male,61.12624351,0,0,Yes,Private,Rural,2893596112.0,24.43788318,smokes,1
40980,Male,79.0,1,0,Yes,Self-employed,Urban,72.04,23.6,formerly smoked,1
45399,Male,60.0,0,0,Yes,Private,Urban,80.74,27.7,Unknown,0
59829,Male,67.0,0,1,Yes,Private,Urban,144.1,27.6,never smoked,0
18671,Female,47.0,0,0,Yes,Govt_job,Rural,111.68,39.5,never smoked,0
60050,Female,53.0,0,0,Yes,Self-employed,Urban,113.74,31.6,smokes,0
45325,Female,29.0,0,0,No,Private,Urban,61.13,26.0,never smoked,0
14877,Male,0.56,0,0,No,children,Rural,127.23,20.1,Unknown,0
8580,Female,77.0,0,0,Yes,Self-employed,Rural,90.0,32.0,never smoked,0
4655,Male,49.0,0,0,Yes,Private,Urban,79.51,37.8,never smoked,0
57086,Female,52.0,0,0,Yes,Private,Urban,126.68,28.1,never smoked,0
67177,Male,53.0,0,0,Yes,Private,Rural,116.66,28.5,formerly smoked,0
18384,Male,77.0,0,0,Yes,Govt_job,Rural,75.66,36.7,Unknown,0
64029,Male,55.0,1,0,Yes,Private,Urban,168.06,23.5,smokes,0
52550,Female,79.0,0,0,Yes,Govt_job,Urban,83.56,28.7,smokes,0
66196,Male,75.0,0,1,No,Private,Rural,201.76,30.2,formerly smoked,1
35759,Female,16.0,0,0,No,Private,Rural,92.77,24.9,Unknown,0
42117,Male,43.0,0,0,Yes,Self-employed,Urban,143.43,45.9,Unknown,0
50049,Male,72.0,0,1,Yes,Private,Rural,141.72,33.0,Unknown,0
65116,Female,62.0,1,0,Yes,Self-employed,Urban,75.78,29.053517067472285,smokes,0
61512,Female,71.0,0,0,Yes,Self-employed,Urban,144.23,22.1,formerly smoked,0
20162,Female,80.0,0,0,Yes,Private,Rural,75.62,25.1,smokes,0
575,Male,13.0,0,0,No,children,Rural,98.65,20.1,Unknown,0
14996,Male,66.0,0,0,Yes,Self-employed,Rural,85.98,28.0,Unknown,0
67855,Female,40.0,0,0,Yes,Private,Rural,95.04,42.4,never smoked,0
64661,Female,81.0,0,0,No,Self-employed,Urban,57.42,33.7,never smoked,0
33123,Female,68.0,0,0,Yes,Self-employed,Rural,104.38,40.8,formerly smoked,0
43827,Female,27.0,0,0,Yes,Private,Urban,161.57,25.7,smokes,0
59412,Female,25.0,0,0,Yes,Private,Urban,58.48,23.7,never smoked,0
